id,domain,status,purchase_price,renewal_price,attractiveness,demand,length,registrar,created_at,expires_at,status_verified_at
083053b3-2873-4d18-a0de-62da9d67ab65,conjecture.run,available,6.99,26.99,high,low,10,namesilo,,,24/09/2026 17:17
d5f944f7-06a1-4362-a34b-5523a92b830c,interpersonal.run,available,6.99,,high,low,13,name.com,,,
a7b018a3-bffb-4611-9094-cde22f37fe09,hospital.run,resell,,,high,low,8,"DNSPod, Inc.",01/04/2022 13:15,01/04/2027 13:15,01/10/2026 20:24
653e8e1e-2aaf-4343-b642-d8f5f883f039,excitable.run,available,3.48,35.98,medium,low,9,namecheap,,,17/08/2026 16:22
3da875cd-bfb4-4a63-99d7-0e93e35608e2,fungible.run,available,3.48,35.98,medium,low,8,namecheap,,,18/08/2026 18:32
de318cae-562c-4521-8913-05d71820fa90,aunt.run,available,6.5,,high,low,4,unstoppable,,,28/09/2026 23:17
42f2e6d8-e16d-4fe8-b474-d2efe0f57fd6,trustworthy.run,available,2.79,21.94,high,low,11,spaceship,,,30/09/2026 05:50
3528108f-ea20-4c22-bcb9-2eae45918d15,begonia.run,available,6.99,26.99,medium,low,7,namesilo,,,23/09/2026 02:28
8460631c-44f9-4f92-bd5b-068dda698c50,descriptions.run,available,6.99,26.99,medium,low,12,namesilo,,,21/09/2026 07:06
90a4dc10-c258-44fb-a57e-925d36f22a68,sterilization.run,available,6.99,26.99,high,low,13,namesilo,,,16/09/2026 21:54
77471b10-8048-420d-af06-1d150baedc32,oberlin.run,available,6.99,26.99,medium,low,7,namesilo,,,28/09/2026 04:20
7a65418e-eaa6-4f14-bdc9-759ad2f62da8,reginald.run,available,6.99,26.99,high,low,8,namesilo,,,25/09/2026 15:10
5b7dff90-4878-4cb9-bb01-22c6db7451d8,mcintosh.run,available,6.99,26.99,high,low,8,namesilo,,,27/09/2026 04:44
55f4ce2d-a9b8-4097-8337-e62fa7626c78,quotation.run,available,6.99,26.99,high,low,9,namesilo,,,01/10/2026 01:28
dc70e38c-3c8d-4bad-961a-2b6ecc029522,aphrodite.run,available,6.99,26.99,high,low,9,namesilo,,,19/09/2026 17:15
60c58fa3-1d4f-4b27-942c-f438cdd33f09,yorker.run,available,21.2,21.2,high,low,6,cloudflare,,,29/09/2026 08:35
e685955b-7af2-4d12-848f-12ed3b3b8cd3,acervate.run,available,3.48,35.98,medium,low,8,namecheap,,,
fe280576-0fe8-4880-a566-30df322d828a,hilar.run,available,3.48,35.98,medium,low,5,namecheap,,,21/08/2026 09:19
6f3f4af5-53dc-4c54-8e7d-65d931576cc9,substitute.run,available,6.99,26.99,high,low,10,namesilo,,,22/09/2026 02:40
9225851d-7376-48a4-8870-9a91df22ebb3,flammable.run,available,3.48,35.98,medium,low,9,namecheap,,,18/08/2026 06:32
3def4f79-83f9-401b-badc-c896f8c35623,duplicate.run,available,3.48,35.98,high,low,9,namecheap,,,24/09/2026 11:48
e4923d5e-5a2c-4c00-8733-be843f0b812d,arrive.run,available,2.79,21.94,high,low,6,spaceship,,,30/09/2026 15:20
1fb636c6-82ab-4874-b0ef-4bd68a3cae39,vigorous.run,available,3.48,35.98,high,low,8,namecheap,,,13/09/2026 05:44
269dbc05-f53b-433b-b0c2-36903677bb30,outlandish.run,available,3.48,35.98,medium,low,10,namecheap,,,10/08/2026 10:37
201a8937-a41f-4954-b853-3bf2ac05d928,schismatic.run,available,3.48,35.98,medium,low,10,namecheap,,,09/09/2026 23:07
bc7dee2e-8767-42c0-b818-ad2f3b1e2a97,holy.run,resell,,,high,low,4,Dynadot Inc,10/05/2026 17:00,10/05/2027 17:00,26/09/2026 06:42
59101d63-81d6-4563-a833-a396ffd99e11,berber.run,available,6.99,41.99,high,low,6,name.com,,,23/09/2026 09:07
5772eff1-b522-4008-9f63-5a991a3162b0,abohm.run,available,3.48,35.98,medium,low,5,namecheap,,,16/09/2026 16:26
a3b03b42-4284-472a-aef6-eb0132e02ded,courtly.run,available,3.48,35.98,high,low,7,namecheap,,,13/08/2026 03:50
d3ee8645-f441-43ac-9c1b-de328e45070e,allergies.run,available,2.79,21.94,medium,low,9,spaceship,,,30/09/2026 23:41
77ad7a60-fbd9-4cb1-bc98-948f711a63d0,experienced.run,available,21.2,21.2,high,low,11,cloudflare,,,01/10/2026 06:08
50a1c334-0b72-4ff1-9129-b772b20f7f52,cytotoxic.run,available,6.99,41.99,medium,low,9,name.com,,,13/08/2026 14:44
794f8dd4-5c40-4ed4-9005-081f94b81185,disaster.run,available,6.99,26.99,high,low,8,namesilo,,,24/09/2026 11:38
bb7e8e7b-e28d-41b6-aca4-c2d677871093,extended.run,available,3.48,35.98,medium,low,8,namecheap,,,14/08/2026 18:31
f5b73730-8a73-46cc-b207-460eaf4eb89b,gran.run,available,6.5,,high,low,4,unstoppable,,,29/09/2026 21:17
135fd7d9-376c-4ef8-a014-edc90cf3da9f,curie.run,available,3.48,35.98,high,low,5,namecheap,,,12/08/2026 08:00
0b7aa094-4237-40c4-a845-2d3d80bc233d,swallow.run,available,2.79,21.94,high,low,7,spaceship,,,29/09/2026 13:39
de651206-1038-4e4d-a2c4-48747fc40a66,foucault.run,available,21.2,21.2,medium,low,8,cloudflare,,,28/09/2026 19:15
d285fe83-8a8b-434e-97f3-9a0702cd3952,dissembler.run,available,3.48,35.98,medium,low,10,namecheap,,,08/09/2026 19:10
0b050157-62cc-4c4a-bd76-dff3b8909485,aggregate.run,available,3.48,35.98,high,low,9,namecheap,,,
e094cdaa-8f95-4a22-8687-63f2a7b6c4ab,downstairs.run,available,3.48,35.98,high,low,10,namecheap,,,14/08/2026 17:55
d2f210db-5011-4fe9-ba98-5d4def900665,camacho.run,available,2.79,21.94,high,low,7,spaceship,,,01/10/2026 10:54
13770ab9-1134-44f9-be18-b98ec7c850b9,elmer.run,available,6.5,,medium,low,5,unstoppable,,,29/09/2026 03:21
d022a7b6-caa2-4bae-bff8-416a89f0dce2,peptic.run,available,3.48,35.98,medium,low,6,namecheap,,,08/09/2026 15:53
ed53b05e-53ff-4268-97a1-532ce60dc605,infective.run,available,3.48,35.98,medium,low,9,namecheap,,,22/08/2026 04:14
0933dbbb-6f64-4c98-989b-0aebef3a9141,time.run,resell,,,high,medium,4,"Chengdu West Dimension Digital Technology Co., Ltd.",24/10/2017 05:03,24/10/2027 05:03,01/10/2026 20:18
d22dff80-726e-4f90-8c10-f5552bf9f2fa,deviant.run,available,3.48,35.98,high,low,7,namecheap,,,
f41bef1b-ccae-4cab-96fa-be3842c345a9,woeful.run,available,3.48,35.98,medium,low,6,namecheap,,,17/08/2026 16:46
a6ac694d-3727-43e8-bedf-bc69f3f3920e,asheville.run,premium,23.6,23.6,high,low,9,namesilo,,,20/09/2026 13:49
c809c9fc-0e52-4fa7-aa4b-eb076fff17a3,overjoy.run,available,2.79,21.94,high,low,7,spaceship,,,30/09/2026 21:15
0515ac72-8d73-4e28-9f22-160985bd255f,enumerable.run,available,3.48,35.98,medium,low,10,namecheap,,,13/08/2026 03:30
9fb51dd7-ade0-4e2d-bd42-6e13b021d464,agaragar.run,available,6.99,26.99,medium,low,9,namesilo,,,17/09/2026 16:15
c8d5a720-62c7-4a24-bb84-4e15bab6a859,jockstrap.run,available,3.48,35.98,high,low,9,namecheap,,,20/09/2026 21:10
60f15bfe-4a75-4367-8a92-14b954eb6efe,slovaks.run,available,3.48,35.98,medium,low,7,namecheap,,,02/10/2026 03:51
acdc7c7c-de58-4532-9730-25ed132a1ac8,perinatal.run,available,3.48,35.98,medium,low,9,namecheap,,,08/09/2026 17:07
b271c97c-d2fe-45aa-832f-f926a4b83ee6,permanently.run,available,6.5,,medium,low,11,unstoppable,,,28/09/2026 07:19
d330f61d-b47b-49e4-9d7a-73c2e6cc8a9b,receiving.run,available,2.79,21.94,high,low,9,spaceship,,,27/09/2026 17:11
349fac99-ea49-47e6-9b9f-65a11ab720cd,shaped.run,available,3.48,35.98,high,low,6,namecheap,,,25/08/2026 03:44
0b32313b-542a-4256-8789-b2dce5c6e2e2,submersed.run,available,3.48,35.98,medium,low,9,namecheap,,,10/09/2026 23:32
ce9111ad-486f-4426-90bc-0aba7dfcc58a,feminism.run,available,2.79,21.94,high,low,8,spaceship,,,29/09/2026 19:12
88220bf8-3b9d-48c8-9d0b-27457f748272,barkeeper.run,available,6.99,26.99,medium,low,10,namesilo,,,22/09/2026 06:23
be15f206-91d6-4d07-af45-ab866d335a8b,landlocked.run,available,3.48,35.98,medium,low,10,namecheap,,,22/08/2026 19:26
a72497e3-d5d5-4264-a271-f8e827f28479,mailed.run,available,3.48,35.98,medium,low,6,namecheap,,,24/08/2026 13:18
c930cf72-b1f1-4468-b19d-dc7b2a67e5c9,furious.run,available,3.48,35.98,high,low,7,namecheap,,,
818bc015-3e1d-4c85-b041-c60ba81f4725,oblong.run,available,3.48,35.98,medium,low,6,namecheap,,,03/09/2026 23:48
ffe09271-0e13-40db-ae11-48a1a7d73c95,joyless.run,available,3.48,35.98,medium,low,7,namecheap,,,22/08/2026 14:04
d3910e2d-7b55-49ea-92f7-5200b1199817,unlawful.run,available,3.48,35.98,medium,low,8,namecheap,,,21/08/2026 19:54
2afdb84b-ccf3-4902-b9af-68a0c74d7398,maureen.run,available,2.79,21.94,medium,low,7,spaceship,,,27/09/2026 19:11
9f80819d-a8f9-4da2-8c67-845924d6eca9,shaggy.run,available,3.48,35.98,medium,low,6,namecheap,,,11/08/2026 11:17
30eeeb92-02c1-421f-bf0b-8258dc3d185c,mentioning.run,available,3.48,35.98,medium,low,10,namecheap,,,17/09/2026 21:20
10abc360-806a-46b5-a54c-147ebcc135d3,hafnium.run,available,3.48,35.98,medium,low,7,namecheap,,,20/09/2026 23:42
a782b9db-279e-4f8f-a26d-1ef9dc36768d,vein.run,available,6.99,26.99,high,low,4,namesilo,,,30/09/2026 04:35
e6b75a59-3cbf-47ae-9076-f0a57afafab1,kashmiri.run,available,3.48,35.98,medium,low,8,namecheap,,,22/08/2026 15:07
28f60caa-5efd-403c-b529-723af8cae6ab,rodents.run,available,3.48,35.98,low,low,7,namecheap,,,30/09/2026 15:36
d6bce4c3-2b06-4f83-a6e9-6173b4e3db57,amentia.run,available,6.99,41.99,medium,low,7,name.com,,,18/09/2026 19:00
275df27a-f61b-4cdb-8d68-cb0b241d09ff,axile.run,available,3.48,35.98,medium,low,5,namecheap,,,08/08/2026 01:56
cf9c7486-f06e-45ed-baaa-a4999e6458de,archerfish.run,available,6.99,26.99,medium,low,10,namesilo,,,20/09/2026 01:56
0dd4c033-6a80-4bd5-b573-84544414053e,cockle.run,available,3.48,35.98,medium,low,6,namecheap,,,12/09/2026 08:38
cf823fe7-5e2d-452b-80ba-329fc7e05bf3,stall.run,available,21.2,21.2,high,low,5,cloudflare,,,27/09/2026 12:14
5abfd730-0cd0-44f5-bf0d-232354d8a97e,modernisation.run,available,21.2,21.2,high,low,13,cloudflare,,,30/09/2026 23:56
75afbb8e-b5d9-4f97-aada-9416397a24b4,basset.run,available,6.99,26.99,medium,low,6,namesilo,,,22/09/2026 12:10
cf363f86-0681-4040-9f5b-7503edae4e0d,disclosed.run,available,6.99,26.99,medium,low,9,namesilo,,,24/09/2026 11:06
3a936081-28ed-4ef3-b84e-bcf994e805f5,unfailing.run,available,3.48,35.98,high,low,9,namecheap,,,18/08/2026 10:39
f794cb8e-3c5d-4613-9b43-82dcc2806859,sabin.run,available,6.99,26.99,medium,low,5,namesilo,,,18/09/2026 02:37
506bb75a-6679-4ec5-8c31-3a7ba70bcb3b,tempt.run,available,6.99,26.99,high,low,5,namesilo,,,18/09/2026 12:14
8e0a960d-5acd-4cb1-948a-885d2f98612b,deal.run,resell,,,high,low,4,"DNSPod, Inc.",28/04/2019 02:35,28/04/2027 02:35,26/09/2026 05:26
7e860836-5192-4dc0-b0ab-393c74408964,insinuate.run,available,3.48,35.98,medium,low,9,namecheap,,,22/08/2026 08:35
380dc6f3-c1f2-439b-b406-ba998af41aab,cosmologic.run,available,3.48,35.98,medium,low,10,namecheap,,,13/08/2026 02:56
1b8e0aa5-a5f2-4f83-97d3-77f947a7d2ff,freehand.run,available,3.48,35.98,high,low,8,namecheap,,,18/08/2026 14:55
9f62f07a-5b57-4379-9800-8cc8fad17043,tca.run,premium,10.55,20.9,high,low,3,spaceship,,,30/09/2026 20:56
53d78850-102d-4ec4-81ad-52554cfde839,weekends.run,available,6.99,26.99,medium,low,8,namesilo,,,20/09/2026 22:23
0abb8e09-cbee-44f0-bf93-59cc6bcb7933,tacitly.run,available,6.99,26.99,medium,low,7,namesilo,,,16/09/2026 07:43
eb2eb387-f542-4454-a152-b9ef9be0c37d,eulogistic.run,available,3.48,35.98,medium,low,10,namecheap,,,16/08/2026 23:07
3d693854-599d-4b7a-b742-1d8d0c3488d6,colombo.run,available,2.79,21.94,high,low,7,spaceship,,,29/09/2026 07:00
26e1a88d-5327-423c-9c8f-a93fd9c2f41b,michelle.run,available,6.99,26.99,high,low,8,namesilo,,,25/09/2026 13:16
90b89ec8-4a24-454d-8601-4cd936d11ec5,ergotic.run,available,3.48,35.98,medium,low,7,namecheap,,,17/08/2026 12:13
74a170e2-5a9b-44a5-b5c6-a9b12898d0d0,liegeman.run,available,3.48,35.98,medium,low,8,namecheap,,,18/08/2026 03:05
8defe4dc-2081-411b-8230-92b9dd0321d5,avocation.run,available,6.99,26.99,medium,low,9,namesilo,,,21/09/2026 09:37
4a30a46d-6f21-40ba-9202-8211b7adeb35,ordering.run,available,6.99,26.99,high,low,8,namesilo,,,27/09/2026 15:05
76dcc1e8-f270-4870-9c22-1c132d959e57,hallowmas.run,available,6.99,26.99,medium,low,9,namesilo,,,18/09/2026 09:30
e00444d1-458b-47bb-95b9-25875914d5dd,bacca.run,available,6.99,26.99,high,low,5,namesilo,,,21/09/2026 13:55
60cb49fe-b1b5-4413-b4ca-3a010f3d5b72,egoist.run,available,3.48,35.98,medium,low,6,namecheap,,,15/08/2026 19:43
da9b0cdd-045d-42d1-8092-63e20cdbb46f,congratulate.run,available,3.48,35.98,high,low,12,namecheap,,,29/09/2026 03:02
599ddbc9-162e-4486-bcc3-4c205b59c48b,fighting.run,available,3.48,35.98,high,low,8,namecheap,,,24/09/2026 18:04
375afba3-685e-41ab-a06e-cfb52703e8ca,unbroken.run,available,3.48,35.98,high,low,8,namecheap,,,22/08/2026 15:36
814d9ef9-ed03-4039-9041-5bf8e393c315,merkel.run,available,6.5,,high,low,6,unstoppable,,,30/09/2026 05:16
4f0063d3-1c7c-44a4-ab48-9804bfc7afdc,expense.run,available,6.99,26.99,high,low,7,namesilo,,,24/09/2026 22:30
33607dde-e86d-4392-88b3-45796d19a4fd,solferino.run,available,3.48,35.98,medium,low,9,namecheap,,,22/09/2026 15:59
420a8c17-7884-428d-bb55-2a93ce5ca684,boehme.run,available,6.99,26.99,medium,low,6,namesilo,,,23/09/2026 03:32
4f0a4b27-495f-4201-8810-223053d0614f,gatt.run,available,6.99,26.99,medium,low,4,namesilo,,,30/09/2026 09:53
a6354610-371b-4bcf-aeb7-09b7ee40cd45,programme.run,available,3.48,35.98,high,low,9,namecheap,,,24/09/2026 16:59
5902cc77-b71a-4a3b-91e1-99a8755f2968,catawba.run,available,6.99,26.99,high,low,7,namesilo,,,30/09/2026 08:59
e9341d49-3f4a-4ab9-8843-b412f9828265,leavitt.run,available,6.5,,medium,low,7,unstoppable,,,29/09/2026 04:25
be1bd265-a4c3-4770-8a22-891872a7b20d,motel.run,resell,,,high,low,5,Dynadot Inc,09/02/2026 17:00,09/02/2027 17:00,26/09/2026 07:38
5923f98f-1be3-4661-9a1b-90419336730e,scooped.run,available,3.48,35.98,medium,low,7,namecheap,,,17/09/2026 23:31
1cdc2459-b158-4108-b14d-1d06e69f500e,scruples.run,available,3.48,35.98,high,low,8,namecheap,,,24/09/2026 17:26
3387c22f-d206-4fcd-ae9c-abf4d19fe726,anthus.run,available,6.99,26.99,medium,low,6,namesilo,,,19/09/2026 14:02
a15cd9d4-d3d6-4e68-b707-e2db6aa0bc60,impress.run,resell,6.99,,high,low,7,name.com,,,29/09/2026 23:37
37b634f3-329a-4876-8669-6ff51aa837bc,aggravated.run,available,3.48,35.98,medium,low,10,namecheap,,,
590a44b0-71cd-47c7-93b6-67e1577dab09,agastache.run,available,6.99,26.99,medium,low,9,namesilo,,,17/09/2026 16:24
5eff2fba-2d66-4fd8-9a99-798207ae3be3,septenary.run,available,3.48,35.98,medium,low,9,namecheap,,,
a510cf6f-fc17-4fc0-a5b3-9250d9407886,revolving.run,available,6.99,26.99,high,low,9,namesilo,,,29/09/2026 14:43
b0e3a810-f45e-4a49-b545-db5765666da2,months.run,available,3.48,35.98,high,low,6,namecheap,,,25/09/2026 18:02
b46c49fc-bbde-40b6-ab1b-629a26eba5ef,tucker.run,available,6.99,26.99,high,low,6,namesilo,,,23/09/2026 08:24
c72b2943-266b-42e3-96d6-7c086aa2b7d2,oxfam.run,available,6.99,,high,low,5,name.com,,,
36b6a36a-b52b-4ede-ad9d-21c4588ab9c4,adoptee.run,available,3.48,35.98,medium,low,7,namecheap,,,17/09/2026 09:39
3dfd27b6-6406-4b2d-8114-654bf28a02c6,tyrol.run,available,21.2,21.2,medium,low,5,cloudflare,,,28/09/2026 20:40
b041f01d-3e01-4f3d-ade5-b3c0a95f0c98,compulsory.run,available,3.48,35.98,high,low,10,namecheap,,,23/09/2026 18:17
6f7393ca-b0fc-444c-b2a8-c6b92506d2c9,bordered.run,available,6.99,26.99,medium,low,8,namesilo,,,22/09/2026 23:55
0733d5d0-6dc9-4041-b07d-4dcfbb09f6d1,swarthmore.run,available,6.99,26.99,medium,low,10,namesilo,,,30/09/2026 04:33
a374b8af-2d6c-466d-8e2e-734f57f48b8f,wellbeing.run,resell,6.99,,high,low,9,name.com,,,28/09/2026 09:56
b62038fa-262e-4bf0-a418-cb57362f2f57,duval.run,available,21.2,21.2,medium,low,5,cloudflare,,,28/09/2026 11:57
b0bd152c-df02-4ec9-b6d6-f7cd6ec941b3,mohammed.run,available,21.2,21.2,high,low,8,cloudflare,,,30/09/2026 17:57
5e0b9fed-f962-46e1-8a54-485de8d9659b,cultured.run,available,3.48,35.98,high,low,8,namecheap,,,08/09/2026 09:18
0368ee2f-b1f8-4713-b9f8-118e4832c592,threatened.run,available,3.48,35.98,medium,low,10,namecheap,,,11/09/2026 14:13
e6a452d4-b816-4bc6-9da8-a7ae8304a283,presbyterian.run,available,4,22.69,high,low,12,dynadot,,,30/09/2026 03:55
631ceb02-3a1b-4eab-a4aa-432a2575239a,compilers.run,available,6.99,,medium,low,9,name.com,,,
6a3f5f3a-b371-401f-8779-a59a33d0c05c,players.run,available,6.99,,high,low,7,name.com,,,
90f81732-0fa1-462e-bab1-aea46b588d33,modishly.run,available,3.48,35.98,medium,low,8,namecheap,,,15/09/2026 15:15
3b8c316a-d59e-41f2-a8c4-7d2dfd221462,enlighten.run,available,2.79,21.94,high,low,9,spaceship,,,30/09/2026 18:09
02f5f445-4023-42d7-af40-b373f799cd62,unitedly.run,available,6.99,26.99,medium,low,8,namesilo,,,16/09/2026 10:08
7cb617c5-0076-4272-a53a-690da5de6caf,iata.run,available,6.99,26.99,medium,low,4,namesilo,,,30/09/2026 20:51
15c1fb38-b82d-4518-8bf6-bc25e77d1200,milne.run,available,3.48,35.98,medium,low,5,namecheap,,,16/09/2026 12:53
ace9a2ed-4063-42fc-a1c7-40e39768ea7d,trussed.run,available,3.48,35.98,medium,low,7,namecheap,,,11/09/2026 15:47
5bf7ec34-366e-455d-a9fe-639d806c2984,lxiv.run,available,3.48,35.98,medium,low,4,namecheap,,,
2c352bee-1e60-4c0c-83a5-8a236591c7e3,racy.run,available,3.48,35.98,high,low,4,namecheap,,,18/08/2026 18:00
e12ae935-b816-4805-ace9-ea90dd578486,vermont.run,resell,,,high,low,7,,,,28/09/2026 09:57
62e005bd-b28a-43f3-931e-00b8efd5f51f,trounce.run,available,6.99,41.99,medium,low,7,name.com,,,09/08/2026 05:27
d96d4dc9-e382-4e1e-9222-d1733b6b29ce,crunch.run,resell,,,high,low,6,"Spaceship, Inc.",17/07/2026 13:10,17/07/2027 13:10,26/09/2026 05:21
f6072ba2-88f2-48c8-87ef-e629125b0adf,shutting.run,available,3.48,35.98,medium,low,8,namecheap,,,12/08/2026 12:22
06f1b290-07ca-47b6-8cf1-1d995fe90421,wenatchee.run,available,6.5,,medium,low,9,unstoppable,,,02/10/2026 01:11
2de820fd-5ad4-4200-937c-b53f79a24784,implicit.run,available,3.48,35.98,high,low,8,namecheap,,,21/08/2026 22:37
c7f21e51-5720-4bfa-8867-e11b34a68b6e,jefferson.run,available,6.99,26.99,high,low,9,namesilo,,,25/09/2026 23:16
2d7d93c9-8296-4940-8f84-a86d87cd67b2,backstairs.run,available,3.48,35.98,medium,low,10,namecheap,,,08/08/2026 06:26
b2de334f-8a9f-4ac0-9ace-f40946a19211,maratha.run,available,6.99,26.99,high,low,7,namesilo,,,02/10/2026 05:41
4eea8d51-628d-42a5-9c96-7d449963cccc,umbilicus.run,available,6.99,26.99,medium,low,9,namesilo,,,23/09/2026 06:37
286bc297-6007-4fd5-8a53-02f3a3dd9bef,hammered.run,available,3.48,35.98,medium,low,8,namecheap,,,20/08/2026 22:59
32cfcf44-7ed1-4702-9373-0e1999a3c777,landmark.run,resell,,,high,low,8,,,,29/09/2026 13:16
1b68d047-ba61-4d45-be24-3e6ee7447fa4,scrambling.run,available,2.79,21.94,high,low,10,spaceship,,,01/10/2026 23:12
6ad44113-94fa-4421-b6d3-fcd971956997,spineless.run,available,3.48,35.98,medium,low,9,namecheap,,,22/08/2026 08:58
cde4ee6b-5abb-4577-8e02-5945292e3c33,ballroom.run,available,6.5,,high,low,8,unstoppable,,,29/09/2026 00:49
a96c9300-6e8b-4db3-a48c-12afd47f4bfb,cerise.run,available,3.48,35.98,medium,low,6,namecheap,,,10/08/2026 15:04
db4baa08-cfdd-436e-9d36-c8795d42f781,carotid.run,available,3.48,35.98,high,low,7,namecheap,,,11/08/2026 19:33
1f3f535f-1f1b-4178-94d7-258f7ca74b36,houghton.run,available,6.99,26.99,medium,low,8,namesilo,,,25/09/2026 23:07
9bcc51b0-ca6d-49f9-8fc9-a4137b1e892a,membered.run,available,3.48,35.98,medium,low,8,namecheap,,,24/08/2026 19:49
32ec6d67-7167-45ae-a523-1cfe1dfa70cb,gymnastics.run,available,2.79,21.94,high,low,10,spaceship,,,29/09/2026 01:12
f460893c-d8fa-4e18-b9a2-b944dd2dd95a,oldish.run,available,3.48,35.98,medium,low,6,namecheap,,,04/09/2026 02:04
06d4a7bc-6790-4a03-9cee-a4b69dc24d23,filter.run,resell,,,high,low,6,"Spaceship, Inc.",17/07/2026 17:03,17/07/2027 17:03,26/09/2026 06:04
54af9dd3-a406-4cf2-bc29-27ba8089362b,kirwan.run,available,6.99,26.99,medium,low,6,namesilo,,,02/10/2026 02:04
481c7f45-9184-4643-994e-0b745e7058ee,singular.run,resell,,,high,low,8,"Spaceship, Inc.",09/05/2026 05:48,09/05/2027 05:48,26/09/2026 09:02
80b03493-ecb7-4fd6-a84d-d1325c18d860,jagged.run,available,3.48,35.98,medium,low,6,namecheap,,,17/08/2026 12:32
aa84bead-c6a4-4512-a94c-07ae79bb5532,reef.run,resell,,,high,low,4,,,,28/09/2026 10:48
5277f7ef-6bc9-4cf9-afc5-67d4b1374509,stand.run,resell,,,high,low,5,"Sav.com, LLC",06/02/2025 17:09,06/02/2028 17:09,29/09/2026 00:58
1339953a-f611-42ff-b78d-bfaca9beede1,unsteady.run,available,3.48,35.98,medium,low,8,namecheap,,,12/09/2026 10:21
ffb9a8d2-e0e6-4160-a336-d2830f61b53e,positivity.run,available,6.99,26.99,high,low,10,namesilo,,,17/09/2026 10:30
8a2a8bb9-b415-45de-99df-9e5bdb36aebf,grouped.run,available,3.48,35.98,medium,low,7,namecheap,,,20/08/2026 20:22
027e38e7-8130-4709-932d-e344c1e05ef4,nihility.run,available,3.48,35.98,medium,low,8,namecheap,,,13/09/2026 06:35
6f744a88-f8fc-4901-82a6-96363238cd19,isidore.run,available,4.12,22.14,medium,low,7,porkbun,,,30/09/2026 00:09
5224c643-f9de-454f-b446-1f50ee5be705,rectangular.run,available,4.12,22.14,medium,low,11,porkbun,,,30/09/2026 06:01
10687548-b92d-427e-9f86-e7ee5ac26948,backup.run,resell,,,high,low,6,"Sav.com, LLC - 31",06/03/2023 15:15,06/03/2027 15:15,01/10/2026 17:07
ae66778d-5414-4839-8b3a-fb2232ee0519,wriggling.run,available,3.48,35.98,medium,low,9,namecheap,,,13/09/2026 13:41
13434917-abd9-439f-af1b-52ec2801b2e1,soupy.run,available,3.48,35.98,medium,low,5,namecheap,,,09/08/2026 01:20
ef19fa22-92e4-4faf-b5da-ae8c252e3523,breathtaking.run,available,21.2,21.2,high,low,12,cloudflare,,,01/10/2026 10:31
ce89e1d8-316e-4aed-b698-594e02ea0005,specimen.run,available,3.48,35.98,high,low,8,namecheap,,,28/09/2026 03:06
035e353d-ed9f-443e-bcd0-d027d3511fe9,haymarket.run,available,6.99,26.99,high,low,9,namesilo,,,29/09/2026 22:38
a3dff077-c278-47b5-bfc7-7db7bea7e75e,leith.run,available,21.2,21.2,medium,low,5,cloudflare,,,28/09/2026 16:45
2abb0670-4702-4f71-898f-f55ad8ccb1f3,placid.run,available,3.48,35.98,high,low,6,namecheap,,,17/08/2026 14:50
070b0b4c-fd71-4837-b602-659f9f4f3a93,polynesian.run,available,3.48,35.98,high,low,10,namecheap,,,24/08/2026 13:48
93f6a3ca-cad7-4dfd-b58f-a001d9068410,lydia.run,available,3.48,35.98,high,low,5,namecheap,,,25/09/2026 09:12
66d692b3-d99e-4354-bc4b-550635c1c981,gloriously.run,available,3.48,35.98,medium,low,10,namecheap,,,14/09/2026 21:45
1f17e1cf-0463-4e11-9632-9b6de9e396b2,antrum.run,available,6.99,26.99,medium,low,6,namesilo,,,19/09/2026 15:46
f1a3b109-ea7d-4397-80d6-b8644d1bff32,beady.run,available,3.48,35.98,medium,low,5,namecheap,,,09/08/2026 03:23
970825bc-b961-44b2-9d62-2eb02731017b,copenhagen.run,available,4.12,22.14,high,low,10,porkbun,,,29/09/2026 18:27
aefcead8-664b-4d99-864a-2d8df73229e8,juridic.run,available,3.48,35.98,medium,low,7,namecheap,,,22/08/2026 14:42
cf7efd40-fcc8-4b09-bd42-b63f0270414e,severance.run,available,3.48,35.98,medium,low,9,namecheap,,,02/10/2026 04:48
c52fdda9-d35d-489a-9703-0d3e1b39e24f,michelson.run,available,6.99,26.99,medium,low,9,namesilo,,,16/09/2026 12:52
a1a50b05-0fad-4b0b-99fa-373e62e6f84e,pascual.run,available,6.5,,medium,low,7,unstoppable,,,02/10/2026 02:24
66fc3e08-5456-4220-900e-a647089ea2ec,cleaner.run,resell,,,high,low,7,,,,29/09/2026 09:54
3ecec844-f42a-4437-906c-48d61ed30fc4,crackpot.run,available,3.48,35.98,medium,low,8,namecheap,,,10/09/2026 00:10
43123c32-4876-4f44-94bc-c16ed0094cfe,educated.run,available,6.99,26.99,high,low,8,namesilo,,,24/09/2026 13:27
7d346da2-80f4-4aca-87b6-2acff47ff663,munson.run,available,21.2,21.2,medium,low,6,cloudflare,,,29/09/2026 15:48
5397ffd9-2621-49ad-87b7-3e830146fdfe,analogy.run,available,6.5,,high,low,7,unstoppable,,,28/09/2026 21:11
a3b47564-5882-4ac4-84f3-2cf8d643badf,intro.run,resell,,,high,low,5,Dynadot Inc,05/06/2026 17:00,05/06/2027 17:00,30/09/2026 00:18
9933874b-89fd-43e2-9361-0c977b0b170a,spectacled.run,available,3.48,35.98,medium,low,10,namecheap,,,09/08/2026 17:20
a8d36dc5-6e69-451a-899c-1f0f386504f5,joliet.run,available,6.99,26.99,medium,low,6,namesilo,,,29/09/2026 01:26
38386d92-f961-4bb5-b1d5-eac01c8037a4,unlovely.run,available,3.48,35.98,medium,low,8,namecheap,,,12/09/2026 15:12
1ad04977-5084-413c-8876-480cdc884b0e,woods.run,resell,6.99,,high,low,5,name.com,,,29/09/2026 19:51
2a0eac40-5711-41b6-841b-2d958e7f5c63,convoluted.run,available,3.48,35.98,medium,low,10,namecheap,,,12/08/2026 23:59
ac578a13-b070-4d3c-8686-a3e4d70fa9bb,undaunted.run,available,3.48,35.98,high,low,9,namecheap,,,12/09/2026 07:00
43193653-823b-4ed6-a2fa-4303c06a9cda,true.run,resell,,,high,medium,4,"DNSPod, Inc.",23/04/2019 09:15,23/04/2027 09:15,26/09/2026 09:47
00104174-5708-4474-9fe6-ad59bed249df,broadway.run,resell,,,high,low,8,"GoDaddy.com, LLC",30/08/2017 16:33,30/08/2027 16:33,26/09/2026 04:37
053557c1-662c-4f05-a208-a6bbe606e6d3,patronize.run,available,3.48,35.98,medium,low,9,namecheap,,,18/08/2026 15:08
ffd1958d-7137-4bab-aa3b-02d6a45a0237,comal.run,available,3.48,35.98,low,low,5,namecheap,,,12/08/2026 18:23
826149ba-b488-4658-8647-3ffa980403af,directions.run,available,3.48,35.98,high,low,10,namecheap,,,27/09/2026 09:16
6ba9427e-d022-47be-92c1-2a797c1fe037,moslem.run,available,3.48,35.98,high,low,6,namecheap,,,22/08/2026 10:47
e4dcf379-8538-4247-b155-682638a52af4,configured.run,available,3.48,35.98,high,low,10,namecheap,,,12/08/2026 20:47
95927ec6-55a1-4c96-9a0b-28b43e056688,knower.run,available,6.99,26.99,medium,low,6,namesilo,,,19/09/2026 22:14
43e6a539-72d3-4f55-943d-9a1028ebb4ef,valor.run,resell,,,high,low,5,,,,30/09/2026 17:26
2c22b4fb-4f12-458e-b6ba-7511301e85f9,overweight.run,available,3.48,35.98,high,low,10,namecheap,,,18/08/2026 08:04
65fbc400-bef4-404e-93b9-ae7d1e9a2cb4,buckshee.run,available,3.48,35.98,medium,low,8,namecheap,,,11/08/2026 07:33
27dd31ec-03c5-4a38-ac99-e5e56ffcb8c0,omani.run,available,3.48,35.98,high,low,5,namecheap,,,04/09/2026 02:24
d11b612e-2d96-4d71-8b71-51782739459e,newhouse.run,available,21.2,21.2,high,low,8,cloudflare,,,02/10/2026 01:30
fb3121d8-0db1-4db1-a861-f5ad1b7cbc28,adds.run,available,6.99,26.99,medium,low,4,namesilo,,,18/09/2026 14:32
85fcbfac-51ff-4dae-b6ab-17ed849e8699,alimony.run,available,2.79,21.94,medium,low,7,spaceship,,,28/09/2026 20:27
e6895676-83bb-4121-950a-cffb49396e88,twickenham.run,available,21.2,21.2,medium,low,10,cloudflare,,,02/10/2026 00:33
eb14b7b1-e9e5-438a-925f-f9b73c4b7939,ghost.run,resell,,,high,medium,5,"Sav.com, LLC - 34",19/11/2025 15:15,19/11/2026 15:15,26/09/2026 06:22
c918855b-55d3-412f-9162-e51d7778cbaa,lightwood.run,available,3.48,35.98,medium,low,9,namecheap,,,16/09/2026 20:15
4d80ca38-aecc-4795-b00c-aa12bbcd7c5b,unloose.run,available,3.48,35.98,medium,low,7,namecheap,,,18/08/2026 14:34
343c6744-0c87-45fa-9d90-fb5d1e0ea37e,aceh.run,available,6.99,26.99,medium,low,4,namesilo,,,01/10/2026 08:41
99f090b9-0690-4087-bb1a-683982b8571d,plodder.run,available,3.48,35.98,medium,low,7,namecheap,,,10/09/2026 20:23
c8e54b25-ea53-42ce-9d1b-774e45dc529e,discourse.run,available,6.99,26.99,high,low,9,namesilo,,,23/09/2026 22:52
e52ec7bc-fe2e-4e4d-9f86-a1f47ff757ff,periodically.run,available,6.99,26.99,medium,low,12,namesilo,,,30/09/2026 14:44
be6c5e19-937f-472e-bb81-41b58c684c9b,cables.run,available,6.99,26.99,medium,low,6,namesilo,,,17/09/2026 12:09
05051c9b-522f-4c06-80ec-daf17b3df021,mysore.run,available,2.79,21.94,medium,low,6,spaceship,,,28/09/2026 19:36
5f0a1df7-d57a-4cec-ba20-09a0d116d5a6,candent.run,available,3.48,35.98,medium,low,7,namecheap,,,11/08/2026 16:37
acceae9e-c55a-4484-be27-3198b5c732a8,ibnsina.run,available,6.99,26.99,medium,low,8,namesilo,,,16/09/2026 18:41
3e84400e-212c-4a2a-a46b-35fd13b760e0,bethe.run,available,6.99,26.99,medium,low,5,namesilo,,,23/09/2026 11:12
e2cd4855-1eb7-4c8b-a66b-d112a35262cc,bows.run,available,6.5,,medium,low,4,unstoppable,,,30/09/2026 06:27
51d1ae30-31b3-42ca-bdf6-d626cecfca80,matai.run,available,6.99,26.99,medium,low,5,namesilo,,,24/09/2026 01:23
b3469362-dfc6-4e58-af7d-bdd85e0f6d85,spokesman.run,available,6.99,26.99,high,low,9,namesilo,,,29/09/2026 08:06
a211003a-0841-4bf7-8da9-09b48a1087eb,pomegranates.run,available,6.99,26.99,medium,low,12,namesilo,,,20/09/2026 01:42
8a909c4d-0d8c-42c0-93f0-7a7a9206f37b,died.run,available,6.99,,low,low,4,name.com,,,
c390c536-8481-414e-9977-f505c5d4618b,atlanta.run,resell,,,high,low,7,"GoDaddy.com, LLC",19/08/2015 16:00,19/08/2027 16:00,26/09/2026 04:06
3679bafa-4108-49a0-b390-5e6896ce6f54,rockers.run,available,6.99,26.99,high,low,7,namesilo,,,23/09/2026 15:34
07737b07-28c7-45e4-9aef-68819e422906,beige.run,available,3.48,35.98,medium,low,5,namecheap,,,09/08/2026 12:22
ae298322-8dfb-4563-b4df-88bece93ad40,skeletal.run,available,3.48,35.98,high,low,8,namecheap,,,10/08/2026 19:00
5f5a915c-bc78-4d8d-951a-5b35d9c220fa,bigos.run,available,6.99,26.99,medium,low,5,namesilo,,,23/09/2026 15:19
2b155f41-83f1-4b91-acda-b2143c9ada32,analgesia.run,available,6.99,26.99,medium,low,9,namesilo,,,19/09/2026 01:49
b2e90a09-d54c-411b-bb90-668bc3286907,asdic.run,available,3.48,35.98,medium,low,5,namecheap,,,20/09/2026 13:30
92ba7a11-d6c7-472d-86a8-bbbcdf4530c4,ngc.run,premium,,,medium,low,3,,,,28/09/2026 13:16
1184d18d-f8b3-41d2-992c-13f81dba31aa,steadily.run,available,3.48,35.98,medium,low,8,namecheap,,,10/09/2026 19:32
84d29c38-aa60-436c-a46f-e9e1de2fa782,razorback.run,available,3.48,35.98,medium,low,9,namecheap,,,09/09/2026 10:48
682d794e-aa88-4ace-afc6-f0f8d46c180b,flippant.run,available,3.48,35.98,medium,low,8,namecheap,,,18/08/2026 08:32
de4a2643-e092-4973-bf74-f45dcfd59088,fried.run,available,3.48,35.98,medium,low,5,namecheap,,,13/08/2026 22:34
ed434cc7-75eb-46c2-930c-0473e67ca36a,wichita.run,premium,,,high,low,7,,,,29/09/2026 02:38
ebad7e2c-f2b0-43fb-9bbe-0e9d0ce3e980,completely.run,available,3.48,35.98,high,low,10,namecheap,,,22/09/2026 00:16
dcca9f63-035e-491a-9d74-da5f9e887ab1,liii.run,available,3.48,35.98,medium,low,4,namecheap,,,
309e09b2-58dc-4b6e-82fe-242498a3b3fe,reticulate.run,available,3.48,35.98,high,low,10,namecheap,,,09/09/2026 15:32
15e14cc7-f840-4a9a-9aae-8f8e35f98881,axiom.run,resell,,,high,medium,5,Porkbun LLC,28/11/2024 03:28,28/11/2026 03:28,28/09/2026 23:58
52acec25-f625-41f6-b7ea-232f0a1685de,feetfirst.run,available,3.48,35.98,medium,low,9,namecheap,,,14/09/2026 18:20
c48c6f58-032b-47d6-9dcb-ed290bc1eb2a,biscayne.run,available,6.5,,medium,low,8,unstoppable,,,01/10/2026 09:13
36cb1e1a-c002-4a2c-8de6-d2d6f1196fda,prostitutes.run,available,6.99,26.99,low,low,11,namesilo,,,28/09/2026 23:58
a6c96393-f946-4d73-acfd-535da2a6e910,slyly.run,available,3.48,35.98,medium,low,5,namecheap,,,14/09/2026 09:08
aefd6e2c-351f-4781-8fd1-ec058c418d30,magistrate.run,available,2.79,21.94,high,low,10,spaceship,,,01/10/2026 02:56
3850c02b-a36c-4e43-b9ca-fa9726a521ea,asceticism.run,available,6.99,26.99,medium,low,10,namesilo,,,20/09/2026 13:08
6d672e38-7237-4c94-907e-5ce24f5d3c73,peeled.run,available,3.48,35.98,medium,low,6,namecheap,,,08/08/2026 18:24
d25c4b16-a25d-47c4-97f1-03dac26c3352,schuyler.run,available,6.99,26.99,medium,low,8,namesilo,,,28/09/2026 04:05
92589c39-7bbe-4155-8f97-2573c20fc5bd,journalistic.run,available,3.48,35.98,medium,low,12,namecheap,,,02/10/2026 02:11
06fe6c86-118a-41d6-b1b8-b470203b8ac2,wesleyan.run,available,3.48,35.98,high,low,8,namecheap,,,24/08/2026 22:00
28931fa3-b585-4756-8bbc-9a49be22dc1c,accessories.run,available,6.5,21.2,medium,low,11,unstoppable,,,01/10/2026 18:53
54c4d5af-0a68-4b19-8600-0cc52b808adf,enraged.run,available,3.48,35.98,medium,low,7,namecheap,,,
562d40b7-72e1-4305-a8f9-d2b6cd753295,moony.run,available,3.48,35.98,medium,low,5,namecheap,,,14/08/2026 18:50
bdaa4430-90cf-4de0-81b5-bd8c8badcfe2,entitlements.run,available,4.99,47.99,medium,low,12,godaddy,,,01/10/2026 00:42
fd155f25-b4ee-4122-982d-17d040dbb2e9,dementia.run,available,6.99,26.99,high,low,8,namesilo,,,24/09/2026 21:47
cf271735-ac95-455f-9e27-b136f844d7e6,avenge.run,available,3.48,35.98,high,low,6,namecheap,,,29/09/2026 13:46
e1c8bfe8-d810-4c1a-99ff-871cfb234104,peoria.run,available,6.99,26.99,medium,low,6,namesilo,,,27/09/2026 04:58
bba7743a-590f-4ab6-8c1d-aafcf21b1a95,indelibly.run,available,3.48,35.98,medium,low,9,namecheap,,,15/09/2026 07:53
8447cb40-b53c-42b1-a93d-9e58b8040af7,yielded.run,available,6.99,26.99,medium,low,7,namesilo,,,18/09/2026 03:02
64d58f34-b71c-4ae5-ab1a-ec61dc1618c4,close.run,resell,,,high,low,5,"Sav.com, LLC - 6",27/08/2025 15:15,27/08/2027 15:15,26/09/2026 05:00
7c98bfd6-8fac-4295-b9f5-8a844cf84cce,apanage.run,available,6.99,26.99,medium,low,7,namesilo,,,19/09/2026 16:12
df941301-343e-4d33-8924-0cbb9f698835,ricefield.run,available,6.99,,medium,low,10,name.com,,,
ea310b62-e486-41a9-8309-e0f83bcf19e6,amputation.run,available,3.48,35.98,medium,low,10,namecheap,,,18/09/2026 23:52
a737b67d-3e5b-4f35-9f31-ec986c37f2e0,bjp.run,premium,140,280,high,low,3,namecheap,,,
fe07940a-a4af-4793-8761-b833a63089bd,lull.run,available,3.48,35.98,high,low,4,namecheap,,,11/08/2026 15:04
bdf65a13-c08f-4115-9592-a20f013e10e0,anabas.run,available,3.48,35.98,medium,low,6,namecheap,,,19/09/2026 00:49
68ecb059-e432-4ec5-9f22-dea3ca1dd415,acrobates.run,available,6.99,26.99,medium,low,9,namesilo,,,17/09/2026 03:18
fa823682-10d8-4e93-bdc5-5bf37e4bc324,solidly.run,available,3.48,35.98,medium,low,7,namecheap,,,16/09/2026 04:03
6599ee39-8d9a-43e7-90ad-046b5acde1cf,admiring.run,available,6.5,,high,low,8,unstoppable,,,30/09/2026 19:19
e203c095-6bfd-47e7-925a-9c19eb163c52,vienne.run,available,4,22.69,medium,low,6,dynadot,,,02/10/2026 04:28
82b1ba18-2abc-4f1d-8d54-e766781d0736,overall.run,available,6.99,26.99,high,low,7,namesilo,,,26/09/2026 03:25
a7b53be2-d8f5-4c8c-984a-a712b5ea5761,wakening.run,available,21.2,21.2,high,low,8,cloudflare,,,28/09/2026 23:37
d875e0fc-7380-4c86-a17d-4c2000263802,arthropod.run,available,6.99,26.99,medium,low,9,namesilo,,,20/09/2026 10:41
63e21a32-c589-4538-a046-2bf6bb15b5b4,roarer.run,available,3.48,35.98,medium,low,6,namecheap,,,22/09/2026 16:57
f4f8ff3e-0337-4e58-80ba-37c9d06d4caf,simeon.run,available,4.12,22.14,medium,low,6,porkbun,,,01/10/2026 21:41
3a4afb47-9761-4ffa-a7cc-0c8c7c3cd967,taps.run,available,21.2,21.2,high,low,4,cloudflare,,,29/09/2026 20:29
e5c27c57-622d-4221-bfa0-57556a9bba71,sleeping.run,available,6.99,26.99,high,low,8,namesilo,,,27/09/2026 22:26
53ef35de-9bbc-43a7-ba3a-6ca6d8e40578,inrush.run,available,3.48,35.98,medium,low,6,namecheap,,,22/08/2026 06:17
b8494ce7-d027-44c7-8668-423dcca5eef1,brightly.run,available,3.48,35.98,high,low,8,namecheap,,,11/08/2026 04:04
f66a264b-73aa-4cf1-beef-334b4b5b4e40,tormented.run,available,3.48,35.98,medium,low,9,namecheap,,,
5d06dc79-8d6d-4439-846f-dd5d7c72f117,brice.run,available,4.12,22.14,medium,low,5,porkbun,,,29/09/2026 14:56
6665398e-c146-48da-b634-ed8c837b9f01,yokel.run,available,3.48,35.98,medium,low,5,namecheap,,,21/08/2026 08:01
88b20e36-37d2-4d8b-9676-87c09733bc22,organizers.run,available,6.99,26.99,medium,low,10,namesilo,,,28/09/2026 10:11
683c5d8e-5c96-43bc-9791-0c1d372bc99f,characteristic.run,available,6.99,,medium,low,14,name.com,,,
be110aca-d1e0-4df2-abf7-787868d15ce0,gladsome.run,available,3.48,35.98,high,low,8,namecheap,,,19/08/2026 00:13
558811f9-8dd4-44ab-a6dd-92ae2c47af34,sunnily.run,available,3.48,35.98,medium,low,7,namecheap,,,14/09/2026 06:41
d13650c4-ce82-4954-b310-f7e849658047,hitherto.run,available,3.48,35.98,medium,low,8,namecheap,,,13/09/2026 21:48
c3f221e9-e4d4-4de4-9b90-5aa4a9f88d34,achromatic.run,available,3.48,35.98,medium,low,10,namecheap,,,
63686651-5e3b-4095-a580-bfbbb1899cc2,denise.run,available,6.99,26.99,medium,low,6,namesilo,,,25/09/2026 14:19
b93de316-b3f2-4569-a89d-b7b2801b25cd,drizzling.run,available,3.48,35.98,medium,low,9,namecheap,,,14/08/2026 19:38
3952735b-9328-48d9-b727-bf859eb9cd0f,referable.run,available,3.48,35.98,medium,low,9,namecheap,,,07/08/2026 01:28
39e89b19-1bec-403d-a0b8-394afca00b57,amhara.run,available,3.48,35.98,high,low,6,namecheap,,,18/09/2026 21:12
3644ce74-d607-4369-bd54-0f45c231175d,judgement.run,available,21.2,21.2,high,low,9,cloudflare,,,30/09/2026 01:01
3b8cff7a-924d-4538-bbc5-dcc60b748cb1,derrida.run,available,6.99,26.99,medium,low,7,namesilo,,,29/09/2026 18:37
42df1555-f16f-4158-9d08-a29bd7605cec,sue.run,premium,22,22.99,high,low,3,dynadot,,,28/09/2026 18:04
b74ad5e1-8d4f-4c17-b627-8433295d7f2e,landwards.run,available,3.48,35.98,medium,low,9,namecheap,,,15/09/2026 10:41
9977ead2-c075-440c-a199-e2fde704426d,bleary.run,available,3.48,35.98,medium,low,6,namecheap,,,10/08/2026 13:59
14c11a51-324f-4d6d-ab42-eb1dc0acd7eb,drapes.run,available,3.48,35.98,high,low,6,namecheap,,,17/09/2026 07:49
5325e6d6-2cf7-414e-832b-dfc06fc2a77a,uut.run,premium,23.6,23.6,medium,low,3,namesilo,,,20/09/2026 22:17
d2da58b0-9997-4433-9b13-0c4f3ac895e4,renegade.run,resell,,,high,low,8,"Sav.com, LLC - 3",10/05/2026 15:16,10/05/2027 15:16,26/09/2026 08:36
bce2dd99-d486-477b-9189-164a708ef323,jamesian.run,available,3.48,35.98,medium,low,8,namecheap,,,22/08/2026 12:13
a43bded0-532f-4bb4-8551-b7139315bea9,vindicator.run,available,3.48,35.98,medium,low,10,namecheap,,,19/09/2026 18:48
37127f08-82ec-44b2-89ca-d1b7c55d9a67,bavaria.run,available,6.99,26.99,high,low,7,namesilo,,,22/09/2026 16:42
42d6de21-7f28-450a-8b4a-f3705fcd32f1,tioga.run,available,21.2,21.2,high,low,5,cloudflare,,,30/09/2026 13:45
312f3312-38bc-4cf1-91ca-110f856326fb,sled.run,available,2.79,21.94,high,low,4,spaceship,,,29/09/2026 20:23
f0c7295a-629d-4a76-bcad-9f354de5b849,bridgeable.run,available,3.48,35.98,medium,low,10,namecheap,,,11/08/2026 04:00
ab727525-4ae4-4cdc-9f36-99372631e587,expiration.run,available,2.79,21.94,high,low,10,spaceship,,,29/09/2026 18:05
74f3a861-3636-4d71-b592-4ab68538eca0,vibrant.run,resell,,,high,low,7,"Spaceship, Inc.",09/05/2026 05:48,09/05/2027 05:48,26/09/2026 09:58
9a683da9-b774-4cdd-821b-e2d90d9ed7d7,antakya.run,available,3.48,35.98,medium,low,7,namecheap,,,19/09/2026 12:30
9fbf0c24-ba49-43a4-baf0-0f71fc93daa5,bequest.run,available,6.99,26.99,high,low,7,namesilo,,,23/09/2026 09:04
44fc3d63-9ec5-45ac-9d3e-10d555c63472,cyberspace.run,resell,,,high,low,10,,,,28/09/2026 08:02
74d8b4e6-3caf-4d2e-947f-e00d79824bb2,sorting.run,available,2.79,21.94,high,low,7,spaceship,,,30/09/2026 02:57
7c8c8313-d00b-4832-9f5f-25fb38593e49,apparent.run,available,3.48,35.98,high,low,8,namecheap,,,06/08/2026 05:08
55843b40-9d2b-421b-8664-75a838cd46da,musts.run,available,6.99,26.99,medium,low,5,namesilo,,,19/09/2026 21:45
fd6fa002-3546-45e2-ad79-d3226e6b1635,harwich.run,available,21.2,21.2,medium,low,7,cloudflare,,,30/09/2026 21:05
037cefc5-45e7-4e83-9b68-d4293b4d10e9,culprit.run,available,2.79,21.94,medium,low,7,spaceship,,,01/10/2026 01:38
e29601ca-18c2-45e3-b63b-46d9c4acc2a5,clarkson.run,available,6.99,26.99,medium,low,8,namesilo,,,27/09/2026 01:50
4efeae1e-4575-4b9f-98ab-ce01cad69fb6,inhouse.run,available,6.99,,high,low,8,name.com,,,
937a76a4-ce70-41cc-843f-0dc96eab15fb,nodes.run,resell,,,medium,low,5,,,,01/10/2026 18:29
d116a836-0085-460c-a5dc-35f4fef4a7c1,pepperidge.run,available,6.99,26.99,medium,low,10,namesilo,,,24/09/2026 00:49
02c029f1-9001-4721-8203-939a13aa7b84,casanova.run,resell,,,high,low,8,,,,02/10/2026 04:18
8afcbf08-92f0-40d1-b694-9bd460b2f71c,gregorian.run,available,3.48,35.98,high,low,9,namecheap,,,20/08/2026 19:58
3b39a404-555b-4ff4-8127-14b43c6e4d89,bmr.run,premium,242,242,high,low,3,namesilo,,,22/09/2026 09:49
6dbb9064-3266-49f4-a7f6-559e5666de3a,barrymore.run,available,6.99,41.99,medium,low,9,name.com,,,22/09/2026 08:52
f039f2ff-ac82-401a-9853-36edb11e8eeb,xxvii.run,available,3.48,35.98,medium,low,5,namecheap,,,
35611edd-5900-4d3f-a3be-917e958e1942,slashed.run,available,3.48,35.98,medium,low,7,namecheap,,,10/09/2026 10:06
7dfd4d5a-b370-4123-9d34-5cde8f7d2e9a,doubled.run,available,3.48,35.98,high,low,7,namecheap,,,14/08/2026 16:55
b4327dce-52bd-449c-8fae-c39052f045ec,not.run,resell,,,high,medium,3,"GoDaddy.com, LLC",27/08/2015 11:09,27/08/2027 11:09,28/09/2026 16:24
e5bc45fa-e9a3-454f-9f0a-8f65e5a4dda2,workfare.run,available,6.99,,high,low,8,name.com,,,
6b360715-6a32-4cb7-80ec-804f25f2848f,cheesecakes.run,available,3.48,35.98,medium,low,11,namecheap,,,08/09/2026 07:37
6855c97b-1249-44bf-8050-e8e2f5aa6fb2,sculptural.run,available,3.48,35.98,medium,low,10,namecheap,,,25/08/2026 02:53
e75330b2-9699-4c53-b0bb-9b828330fdd9,schumann.run,available,6.99,26.99,high,low,8,namesilo,,,28/09/2026 05:27
f4785d7c-1aad-4609-8f5f-b8cdb2a7874f,godlike.run,available,3.48,35.98,high,low,7,namecheap,,,20/08/2026 16:06
c6c13cb3-4f6a-4965-b033-532c75e4cff7,variously.run,available,3.48,35.98,medium,low,9,namecheap,,,14/09/2026 13:23
9677aa0f-824a-42ac-9df8-c52f354a1900,punishment.run,available,6.99,26.99,high,low,10,namesilo,,,25/09/2026 09:51
c4cb5041-95ec-45fc-8c96-3ba977676b9f,benignly.run,available,3.48,35.98,medium,low,8,namecheap,,,13/09/2026 23:51
31eed379-a77d-4108-ba5e-4ad0d1a59a6b,treasured.run,available,3.48,35.98,high,low,9,namecheap,,,12/08/2026 04:21
50fb441f-4c05-4260-aff3-3a8f04de63d5,leftovers.run,available,2.79,21.94,high,low,9,spaceship,,,01/10/2026 20:16
e6e4e018-5ba4-475f-8f7a-2263aa293c70,homosexuals.run,available,2.79,21.94,low,low,11,spaceship,,,01/10/2026 00:33
d391bd24-5e52-4f9c-8ea6-d3fa02cc1f4f,sinuate.run,available,3.48,35.98,high,low,7,namecheap,,,10/09/2026 08:36
feb3421f-2f7b-4d70-89e0-a8ec3529d2eb,stiff.run,available,3.48,35.98,medium,low,5,namecheap,,,09/08/2026 16:54
c881fb8f-6088-407a-9e69-a5a600d751d0,adjectives.run,available,6.99,26.99,medium,low,10,namesilo,,,18/09/2026 16:11
af3e3b77-3e30-40cb-a863-8bf5acf82fe7,prohibit.run,available,6.5,,medium,low,8,unstoppable,,,30/09/2026 10:37
25ca1275-3b68-4552-bdf3-81f5d8eb13dd,prevents.run,available,4,22.69,medium,low,8,dynadot,,,29/09/2026 16:31
d7bd3113-6997-4d3d-ac12-2b623ee81e29,clipping.run,available,6.99,26.99,high,low,8,namesilo,,,24/09/2026 15:47
c3e40f1b-d7dc-474a-a9ac-da0d2259a538,punctuate.run,available,6.99,26.99,high,low,9,namesilo,,,16/09/2026 21:54
87b5ffea-ce10-4372-b796-c6fc2cf0f9ef,bulimic.run,available,3.48,35.98,medium,low,7,namecheap,,,11/08/2026 08:26
2287ef9d-f2e4-4afd-bb68-326ee764c5ab,stein.run,available,6.99,26.99,high,low,5,namesilo,,,23/09/2026 01:47
379b9c20-0629-4c65-a06a-f0f9f3e08f1e,glorious.run,resell,,,high,low,8,"Spaceship, Inc.",09/05/2026 19:59,09/05/2027 19:59,26/09/2026 06:24
4ab6c579-074a-454f-9c6f-31b6ba01ad2f,king.run,resell,,,high,medium,4,"Chengdu West Dimension Digital Technology Co., Ltd.",24/12/2015 06:51,24/12/2030 06:51,28/09/2026 23:59
d19c835d-1e15-477f-a90c-e298a465f97b,actable.run,available,3.48,35.98,medium,low,7,namecheap,,,
acac7aa7-2582-43c6-877b-2c7c0881300d,gyp.run,premium,130,260,medium,low,3,namecheap,,,14/09/2026 08:05
dc009a62-6854-44a8-99f9-024f7ac84cad,accolade.run,available,6.99,26.99,high,low,8,namesilo,,,16/09/2026 22:45
52914082-0ec9-4dfa-9a5c-1f9b5557173b,idyll.run,available,3.48,35.98,high,low,5,namecheap,,,08/09/2026 10:11
f68cb5b8-2ba5-4db5-bff3-c671d73aaed4,preach.run,available,3.48,35.98,high,low,6,namecheap,,,28/09/2026 15:35
9b1441c6-0168-477f-850f-229f91ebaa40,debile.run,available,6.99,41.99,medium,low,6,name.com,,,13/08/2026 20:28
463dc96f-dbf4-4fb3-bbf3-722ce1576e81,rear.run,available,3.48,35.98,high,low,4,namecheap,,,22/09/2026 19:06
6ddf3465-fda2-47fc-98ca-232bb78b5f3f,diazo.run,available,3.48,35.98,medium,low,5,namecheap,,,14/08/2026 06:23
93f44db9-5546-4860-9952-5f7bcaa4f6c4,gelatinous.run,available,3.48,35.98,medium,low,10,namecheap,,,18/08/2026 21:01
2d378120-37c3-4271-a857-161f2d25295a,perrin.run,available,21.2,21.2,medium,low,6,cloudflare,,,29/09/2026 04:24
3b6dd01f-9977-4163-9dca-3c5ce86926cd,franciscan.run,available,3.48,35.98,high,low,10,namecheap,,,18/08/2026 14:06
d5ac9da0-1202-453c-8224-39916249e873,cavan.run,available,2.79,21.94,medium,low,5,spaceship,,,30/09/2026 12:17
c664157b-4853-4cc5-b13b-1ac531d68559,whacky.run,available,3.48,35.98,medium,low,6,namecheap,,,06/08/2026 21:32
f4ec10fc-7b2c-4bba-8894-5b8b18933657,analytical.run,available,3.48,35.98,medium,low,10,namecheap,,,
885a60ef-ae5c-4172-87cd-8bbfa8c43b68,unready.run,available,3.48,35.98,medium,low,7,namecheap,,,12/09/2026 17:53
0da77d70-c52e-4b13-9fb0-81a950fcf2d3,rapper.run,available,6.99,26.99,high,low,6,namesilo,,,30/09/2026 09:22
8a90b4ee-0d1d-49a8-a71f-4748ad5c19a2,freckled.run,available,3.48,35.98,medium,low,8,namecheap,,,18/08/2026 14:26
e65f2588-9eec-42a9-911e-f9583e531854,revocable.run,available,3.48,35.98,medium,low,9,namecheap,,,09/09/2026 16:21
918a8499-88f1-428b-b5a5-5391c14c72e9,behaviour.run,available,6.99,26.99,high,low,9,namesilo,,,23/09/2026 03:08
93692284-0f71-46e8-9f98-c7ac9fcda6a0,studying.run,available,6.99,26.99,high,low,8,namesilo,,,25/09/2026 09:55
bb33c0b4-5fdd-4e1c-8228-c586f7d64900,heroin.run,available,6.99,26.99,medium,low,6,namesilo,,,24/09/2026 22:03
eff8c98f-e4f1-4b6c-830b-c213c604a2af,raping.run,available,4.12,22.14,medium,low,6,porkbun,,,02/10/2026 04:05
b2ed02ac-692c-4680-bbe7-70f85d9d03ee,brecht.run,available,6.99,26.99,high,low,6,namesilo,,,23/09/2026 10:18
d0d91aee-178b-4b15-86dc-ceb6dee48f36,parkinson.run,available,4,22.69,medium,low,9,dynadot,,,02/10/2026 04:12
80ad0445-6091-47d7-a8eb-42b4dd7838a6,bitterness.run,available,6.99,26.99,medium,low,10,namesilo,,,17/09/2026 03:08
aaf8c2b6-3a6f-4a8e-8f10-aa748b3076f1,accuse.run,available,4.12,22.14,medium,low,6,porkbun,,,29/09/2026 02:41
78c0a30d-61ad-4699-a416-4a4ca3299675,murderers.run,available,4,22.69,low,low,9,dynadot,,,28/09/2026 23:41
947784d5-9c4b-4f48-b32e-24204bf1ec5f,cpm.run,premium,23.6,23.6,high,low,3,namesilo,,,01/10/2026 05:17
bce3ab28-05ea-4eef-8daf-653ba5fbe073,cometary.run,available,3.48,35.98,medium,low,8,namecheap,,,12/08/2026 18:56
939a9b68-9308-446d-b16d-df2e65c31e64,lorca.run,available,6.99,26.99,medium,low,5,namesilo,,,02/10/2026 04:57
4cba7d27-d2a3-4683-94c1-cfd41b0bfba3,agencies.run,available,6.99,26.99,low,low,8,namesilo,,,28/09/2026 23:07
d1978714-419a-41b9-99b3-9dea4ff41bf2,announcer.run,available,6.99,26.99,high,low,9,namesilo,,,19/09/2026 10:49
5044e3df-cfbc-43fb-b12c-d407f8fe33d3,solicitor.run,available,6.5,,high,low,9,unstoppable,,,01/10/2026 01:16
745e907a-dda9-4910-b67e-b93e511cc500,biddy.run,available,6.99,26.99,medium,low,5,namesilo,,,23/09/2026 13:45
d4acc946-5edb-48ca-a254-8a48bf014090,glaswegian.run,available,3.48,35.98,medium,low,10,namecheap,,,20/08/2026 14:14
e95c5aed-69fa-431a-92f6-8e47e0b84afe,chthonian.run,available,3.48,35.98,medium,low,9,namecheap,,,12/08/2026 07:26
097aac9e-eecb-42a6-a222-892808969f48,mackenzie.run,available,6.99,26.99,high,low,9,namesilo,,,25/09/2026 21:54
c07f12db-f90b-4fd2-92b3-ad18b4fcec6f,effie.run,available,6.99,26.99,high,low,5,namesilo,,,01/10/2026 05:06
bf82b95d-eae2-44ba-824e-9302a199d1cd,uprising.run,available,6.99,26.99,medium,low,8,namesilo,,,29/09/2026 01:22
b157f728-b0ff-44bd-85fc-df0f5fca59a3,unlucky.run,available,3.48,35.98,medium,low,7,namecheap,,,21/08/2026 19:11
0c723ec3-4502-4b4b-b89f-2157c29c1c9d,humbly.run,available,3.48,35.98,high,low,6,namecheap,,,15/09/2026 01:22
7dd46fae-4f54-41ec-9488-bce287a24b5b,midwestern.run,available,3.48,35.98,high,low,10,namecheap,,,24/08/2026 22:41
3e39dc78-a4be-4e79-b7af-cb5078a776e1,unrealized.run,available,3.48,35.98,medium,low,10,namecheap,,,12/09/2026 11:00
a4ff45c2-e020-46ab-a03f-65947ca4c7c3,machining.run,available,3.48,35.98,medium,low,9,namecheap,,,29/09/2026 03:26
03572150-413a-4f55-8085-0b632b89cddb,dougherty.run,available,2.79,21.94,medium,low,9,spaceship,,,28/09/2026 23:48
4fe5af8f-3e3b-4681-9ad9-0ea992f624f7,rayless.run,available,3.48,35.98,medium,low,7,namecheap,,,09/09/2026 10:46
bd8c9145-b3da-431d-b1df-300844d00692,opencut.run,available,3.48,35.98,medium,low,7,namecheap,,,04/09/2026 16:10
df90bcac-1564-4544-8e6f-8f57d70e2d59,cyril.run,available,6.99,26.99,medium,low,5,namesilo,,,25/09/2026 04:29
c5dbd974-e8ff-4b8c-87c9-6af8a7e70793,trust.run,resell,,,high,medium,5,"DNSPod, Inc.",23/07/2019 23:39,23/07/2027 23:39,26/09/2026 09:47
777cfe83-885c-4730-a6da-8a73e4f7d8a9,letup.run,available,6.99,,medium,low,6,name.com,,,
366b3a1f-2e4c-4cbb-9d67-edc428069322,outlines.run,available,6.99,26.99,medium,low,8,namesilo,,,02/10/2026 03:08
2005aa71-9c01-4509-8c75-7e0f3556042f,husayn.run,available,6.99,26.99,medium,low,6,namesilo,,,30/09/2026 10:12
4a14f9f0-9e8b-4480-af91-241827723b72,anoxia.run,available,6.99,26.99,medium,low,6,namesilo,,,19/09/2026 11:58
20f7674e-1116-4da9-9999-ab3c7c386929,pliant.run,available,3.48,35.98,medium,low,6,namecheap,,,09/08/2026 14:11
606ed90c-2ff2-4011-a8c1-dda7c14358b0,beneficial.run,available,3.48,35.98,high,low,10,namecheap,,,09/08/2026 14:24
4de052cd-0fe1-423e-9ce7-66ebd5d59a2c,formally.run,available,3.48,35.98,medium,low,8,namecheap,,,14/09/2026 19:42
ce0bcd2d-f0de-4195-a0d8-433fbc6a576f,goodman.run,available,6.99,26.99,high,low,7,namesilo,,,23/09/2026 08:16
e3285917-69a9-4157-8fb7-3aadd8500b79,plagued.run,available,6.99,26.99,medium,low,7,namesilo,,,29/09/2026 03:23
083f7d13-0826-459b-b175-a4b05906ee20,indic.run,available,3.48,35.98,medium,low,5,namecheap,,,22/08/2026 03:16
2a6779ae-0a05-4039-a5bf-a0dc4127e292,candidacy.run,available,6.5,,high,low,9,unstoppable,,,29/09/2026 06:17
448d8648-6ce6-4bad-aa34-92afeea5ee41,allowed.run,available,4,22.69,high,low,7,dynadot,,,01/10/2026 19:03
a04ce319-865c-45a5-98a9-7f49be5d312a,saints.run,available,6.99,26.99,medium,low,6,namesilo,,,28/09/2026 16:34
d4e39620-02c8-4f54-a894-1a33c371ce15,armagnac.run,available,6.99,26.99,medium,low,8,namesilo,,,20/09/2026 06:29
1da687d0-c6ee-4166-98a6-71920efeafa6,carlyle.run,available,2.79,21.94,medium,low,7,spaceship,,,28/09/2026 02:01
7db4f74e-5978-4165-8aa1-1948a9c3783a,terrific.run,available,6.99,26.99,high,low,8,namesilo,,,25/09/2026 00:17
6fd1de7b-ec79-4d25-a56d-3b1cc4af2ae0,rarities.run,available,21.2,21.2,medium,low,8,cloudflare,,,01/10/2026 01:00
b52e7aec-b025-40b6-b3e1-0e3226d951c9,indifference.run,available,21.2,21.2,high,low,12,cloudflare,,,29/09/2026 23:01
6b7ef35c-1a07-4df1-b726-ba2d4ebb20ea,bohme.run,available,6.99,26.99,medium,low,5,namesilo,,,23/09/2026 03:34
1af66b51-22f3-4dea-8043-795c0c63ff20,swallowing.run,available,2.79,21.94,high,low,10,spaceship,,,01/10/2026 23:01
e5f6ab94-0a2d-4be8-9a2e-cf4979753b8b,sister.run,available,6.99,26.99,high,low,6,namesilo,,,26/09/2026 00:18
58ebb92c-aa84-448c-a437-066916de8285,chaplin.run,available,2.79,21.94,high,low,7,spaceship,,,28/09/2026 18:39
3512018c-1147-4656-9336-21d94b1498ce,parsley.run,available,6.5,,high,low,7,unstoppable,,,02/10/2026 06:00
df7e8587-2fac-4c8f-88bb-43e18b7cd445,cortland.run,available,21.2,21.2,medium,low,8,cloudflare,,,30/09/2026 01:07
7479e807-f744-4f2a-b525-e93727e94311,greyish.run,available,3.48,35.98,medium,low,7,namecheap,,,20/08/2026 18:54
561171e9-5608-4ea4-a3bd-eb4484cfcaba,ephemeron.run,available,3.48,35.98,medium,low,9,namecheap,,,17/08/2026 10:22
a139045d-28f2-4ad6-ba51-9db724f26c65,thoreau.run,available,6.99,26.99,high,low,7,namesilo,,,29/09/2026 13:02
88eff416-3273-4c89-a6ec-6fb04c640eed,chechnya.run,available,4.12,22.14,medium,low,8,porkbun,,,29/09/2026 18:18
e842b4c3-6fea-4cc3-b965-444a8fb30f9c,astutely.run,available,3.48,35.98,medium,low,8,namecheap,,,13/09/2026 22:20
97d57858-8891-43cf-bf1c-1aa54a9a7ed6,breads.run,available,6.99,26.99,medium,low,6,namesilo,,,18/09/2026 04:07
4ebfb06b-1ba4-4809-84c0-3bc2c651eb1a,operationally.run,available,6.5,,medium,low,13,unstoppable,,,29/09/2026 17:55
65cb9de3-1972-4b94-ac07-7a2233e355fe,muggy.run,available,3.48,35.98,medium,low,5,namecheap,,,03/09/2026 10:31
cfcac0c9-375d-44ff-8b54-f2874a2c4a54,rolled.run,available,3.48,35.98,medium,low,6,namecheap,,,18/08/2026 18:46
8ec93e52-b294-4981-892c-f0a1bbe2ac9f,booklet.run,available,6.99,26.99,high,low,7,namesilo,,,24/09/2026 07:06
96bac4da-c51b-4fd2-b070-f2f3ab3c5066,paintpot.run,available,6.99,,medium,low,9,name.com,,,
7ac06362-7fb4-44b1-bb92-f4b026ffa9d5,factorial.run,available,3.48,35.98,high,low,9,namecheap,,,17/08/2026 20:29
1107c421-20f4-4114-97c9-2563e62b1279,hurrying.run,available,3.48,35.98,medium,low,8,namecheap,,,21/08/2026 15:47
4c90bfd2-2d80-4bbb-9845-9ac0d81c11d4,coburg.run,available,4,22.69,high,low,6,dynadot,,,01/10/2026 09:18
33446775-09fd-483b-b867-29b55fe9e429,unshakable.run,available,6.99,26.99,high,low,10,namesilo,,,23/09/2026 10:41
9e179bd4-99a7-46f7-a809-d59b6482dbb7,thrilling.run,available,3.48,35.98,high,low,9,namecheap,,,16/08/2026 02:41
92fa696b-fd7a-4b20-b94a-f1f288bfb47d,attend.run,available,2.79,21.94,high,low,6,spaceship,,,28/09/2026 19:00
feb572bd-cb30-4ed5-bd69-bb7bdb3cb2ad,soothes.run,available,6.99,26.99,medium,low,7,namesilo,,,20/09/2026 05:20
bb00b800-2cac-43de-8b0a-a0af2de46826,market.run,resell,,,high,medium,6,"DNSPod, Inc.",11/01/2019 16:15,11/01/2027 16:15,26/09/2026 07:26
e22335a2-2da4-40f1-9c22-0f7941f7b47d,ankara.run,available,6.99,26.99,high,low,6,namesilo,,,19/09/2026 07:05
72b0a0c1-610d-4765-bde9-2ca18cd85375,interwoven.run,available,3.48,35.98,high,low,10,namecheap,,,22/08/2026 08:08
eef3ea4d-d650-48aa-86aa-6ea76b6246ca,departmental.run,available,21.2,21.2,medium,low,12,cloudflare,,,30/09/2026 14:39
d0e40965-9870-422a-a49e-185bf70460eb,glassed.run,available,3.48,35.98,medium,low,7,namecheap,,,20/08/2026 14:07
48b8c7f3-95bd-4294-9e60-f2acca5a3610,trapped.run,available,3.48,35.98,medium,low,7,namecheap,,,07/08/2026 11:08
397d685f-a3ee-4150-889c-d56f367d9c86,barbate.run,available,3.48,35.98,medium,low,7,namecheap,,,08/08/2026 16:10
e4c47486-9519-4677-80ef-86681fc22a11,lung.run,available,2.79,21.94,high,low,4,spaceship,,,27/09/2026 14:50
6266ee4b-69a6-4f45-affa-8f4e017bebff,incite.run,available,3.48,35.98,high,low,6,namecheap,,,09/09/2026 03:18
bfccf28f-08f7-48e8-8fa4-d08dc147cc4a,palladio.run,available,6.99,26.99,medium,low,8,namesilo,,,19/09/2026 04:26
2127b35e-7759-4af9-b3d2-680cdfcc1e32,bihar.run,available,3.48,35.98,medium,low,5,namecheap,,,23/09/2026 15:31
0d8e9d65-1cd7-429e-8ce0-b67d0845c20e,stealing.run,available,3.48,35.98,medium,low,8,namecheap,,,11/09/2026 13:24
e6a27f9b-4e92-4916-a8b8-b6d5e82077f3,cello.run,available,21.2,21.2,high,low,5,cloudflare,,,30/09/2026 01:01
25d9ad4e-8f27-4651-b8b1-a9c49c588522,stupefy.run,available,6.99,26.99,medium,low,7,namesilo,,,21/09/2026 17:33
5558d1fc-24cd-47c5-947c-f0f2f1c6c7e9,epilepsy.run,available,3.48,35.98,medium,low,8,namecheap,,,30/09/2026 01:32
8fb1ef67-0e10-4b5c-844c-dd910b493968,likelihood.run,available,21.2,21.2,high,low,10,cloudflare,,,29/09/2026 01:35
3ce53b32-9822-4782-b626-9220bf360adc,tubing.run,available,6.99,26.99,high,low,6,namesilo,,,01/10/2026 04:04
0a48e3a4-4679-490b-97af-1122fb91c43a,abyssal.run,available,3.48,35.98,medium,low,7,namecheap,,,
52c84360-8468-4a65-a1f2-12a56159a851,georgians.run,available,6.99,26.99,medium,low,9,namesilo,,,01/10/2026 01:07
f31ce103-19eb-4456-a1fa-83bc244c5f1f,cryogenic.run,available,3.48,35.98,medium,low,9,namecheap,,,13/08/2026 09:35
775193f1-4595-4f59-904e-06a2ba435903,misgiving.run,available,6.99,26.99,medium,low,9,namesilo,,,24/09/2026 23:11
ec314cb3-74d5-448f-a828-2a48967fdc7a,swimwear.run,available,6.99,26.99,high,low,8,namesilo,,,22/09/2026 13:39
665918c1-414f-415e-8964-d8193b7df6c7,hartley.run,available,6.99,26.99,high,low,7,namesilo,,,25/09/2026 04:45
6a400088-023f-4517-b978-510fecdd515f,hat.run,premium,23.6,23.6,high,low,3,namesilo,,,19/09/2026 16:21
04371657-3a1f-4863-a67e-937d5dbacd40,barycenter.run,available,6.99,26.99,medium,low,10,namesilo,,,22/09/2026 09:39
4897e969-893a-4756-a481-0f2e9bee8163,crap.run,available,21.2,21.2,medium,low,4,cloudflare,,,29/09/2026 05:21
5504eb4e-c4fe-409c-8cf1-edf887d75798,johnstone.run,available,4,22.69,medium,low,9,dynadot,,,27/09/2026 23:26
f032ea6d-6f1d-421d-a44c-0461cabbfa9f,bollywood.run,available,6.5,,high,low,9,unstoppable,,,30/09/2026 08:37
9a35d4b1-79ed-4de5-8e66-ee5120148d79,abutilon.run,available,3.48,35.98,medium,low,8,namecheap,,,16/09/2026 19:21
e2276e1f-e583-44cd-bb8b-9b84695a2f26,slump.run,available,3.48,35.98,medium,low,5,namecheap,,,30/09/2026 09:25
a11a57eb-5e98-4e51-ba38-d9ccc69048d9,adoration.run,available,6.99,26.99,high,low,9,namesilo,,,17/09/2026 09:44
e50c0b8a-19e4-479e-bc5f-8b255f3faf9a,infallible.run,available,3.48,35.98,high,low,10,namecheap,,,22/08/2026 04:05
048ee880-0bdb-4da4-9ad9-14b8cce8da1f,pettifog.run,available,3.48,35.98,low,low,8,namecheap,,,23/09/2026 13:20
84c50c58-2693-4284-9f06-08509e18f784,pope.run,available,2.79,21.94,high,low,4,spaceship,,,28/09/2026 20:19
ceb6c993-373e-4c84-8f4f-91d782ede8b8,algometric.run,available,3.48,35.98,medium,low,10,namecheap,,,
f0ecbb9f-e8cf-468e-925a-bfef08375f83,wave.run,resell,,,high,medium,4,"DNSPod, Inc.",31/05/2018 16:06,31/05/2027 16:06,29/09/2026 03:58
f231b2d8-d0a9-4865-bd72-ffa3bd9cf308,biting.run,available,3.48,35.98,medium,low,6,namecheap,,,08/08/2026 16:41
dd2ebc9b-4106-4d32-8449-b806efeb519c,maddie.run,available,4,22.69,high,low,6,dynadot,,,01/10/2026 11:42
cc825637-8c8c-4272-9752-d87eb100baaa,belch.run,available,3.48,35.98,medium,low,5,namecheap,,,23/09/2026 04:34
6a47ee0d-a5da-4c1b-9934-bbd7f9b8ff04,rupture.run,available,6.99,26.99,medium,low,7,namesilo,,,29/09/2026 12:14
eeb3f045-73a9-466a-adf4-8a921f662c52,command.run,resell,,,high,low,7,Xin Net Technology Corporation,07/02/2018 00:25,07/02/2027 00:25,26/09/2026 05:08
55ac69be-5fc0-4e08-b918-e5e1eb4b81fd,auc.run,premium,23.6,23.6,high,low,3,namesilo,,,21/09/2026 02:37
7fca38ac-9347-489c-bee3-0e22dc929344,packer.run,available,6.99,26.99,high,low,6,namesilo,,,21/09/2026 15:45
b018f13e-a839-4e6f-b3d7-44ff068857aa,osu.run,premium,10.55,20.9,high,low,3,spaceship,,,01/10/2026 11:42
0bce9b27-6369-4269-a814-20ff71f4182d,xxxii.run,available,3.48,35.98,medium,low,5,namecheap,,,
b3af3bb7-8c7b-41e9-9af1-7124ccc7e902,aqueduct.run,available,6.99,26.99,high,low,8,namesilo,,,19/09/2026 23:10
a66d659f-9829-48d1-aa07-9fb291096879,securities.run,available,6.5,,medium,low,10,unstoppable,,,29/09/2026 22:51
72274d4a-b680-4dbe-83bc-c9d710ea6fda,curium.run,available,6.99,26.99,medium,low,6,namesilo,,,21/09/2026 00:13
fac1f795-6a9f-4e14-be03-c3676880773e,padded.run,available,3.48,35.98,high,low,6,namecheap,,,13/08/2026 11:57
20c8228b-0b09-4083-a8fa-87eeb7e8ce1b,competencies.run,available,2.79,21.94,medium,low,12,spaceship,,,29/09/2026 06:05
ed6d841b-ff5c-4d69-a7c8-75f66ccbc910,lured.run,available,6.5,,medium,low,5,unstoppable,,,01/10/2026 18:14
9e649bf6-6131-4624-aca8-8fae4fa57b6d,emptied.run,available,6.99,26.99,medium,low,7,namesilo,,,01/10/2026 00:20
61d189e0-ffa7-4b81-93f0-13c0ead95bce,pronunciation.run,available,2.79,21.94,medium,low,13,spaceship,,,30/09/2026 14:07
7bc1fad4-0a43-425c-92db-fa2f87b174fa,expressway.run,available,2.79,21.94,high,low,10,spaceship,,,30/09/2026 17:16
ca200f36-21f4-4f31-85d8-205bbb3d1dbb,impeachment.run,available,2.79,21.94,medium,low,11,spaceship,,,01/10/2026 13:29
0c9aff4c-737e-4a1e-8222-fec08a72ca6d,valuator.run,available,6.99,26.99,medium,low,8,namesilo,,,19/09/2026 22:13
fd0a5aca-3e2b-4d94-a557-3014c28cb0f6,storytellers.run,available,6.99,26.99,high,low,12,namesilo,,,20/09/2026 12:55
4e9e4a92-3669-4ea0-8cae-8d2502fc6fc3,westwood.run,available,6.99,,high,low,8,name.com,,,
6d87aa67-0f97-4cbe-8a45-9efaa008b879,portraits.run,available,6.99,26.99,medium,low,9,namesilo,,,30/09/2026 00:16
56df489c-20a5-4a3a-8cfe-1f0ab4ab4add,harmonized.run,available,3.48,35.98,high,low,10,namecheap,,,12/08/2026 22:50
ac6d7477-7ea4-4b10-826d-6b21e5f743fc,embraced.run,available,4,22.69,medium,low,8,dynadot,,,29/09/2026 23:57
865198b3-7479-4e56-8fee-92b12f6b5a4d,cake.run,resell,,,high,low,4,"Sav.com, LLC - 49",26/03/2025 15:15,26/03/2027 15:15,02/10/2026 02:26
47c960a5-6cd2-4977-ae9f-589835f26479,ciliate.run,available,3.48,35.98,medium,low,7,namecheap,,,12/08/2026 08:06
d00b0d3e-b5b8-4696-ab30-0d47eb55fb7f,cycloid.run,available,6.99,41.99,medium,low,7,name.com,,,13/08/2026 13:37
d6404415-2042-4a8b-9402-3b2517302d54,cathy.run,resell,,,high,low,5,"Sav.com, LLC - 32",21/04/2026 15:15,21/04/2027 15:15,26/09/2026 04:48
24c03824-a996-4671-9f90-5c8aa1ea8047,sergey.run,available,4,22.69,medium,low,6,dynadot,,,29/09/2026 04:18
90e81c75-6d25-4b38-aef0-0fece61f1c67,enhanced.run,available,6.99,26.99,high,low,8,namesilo,,,25/09/2026 09:45
d3a62645-3a04-454a-a48a-a2f51c7f2e13,nitid.run,available,3.48,35.98,medium,low,5,namecheap,,,
56de20e9-4aba-4e75-aa6e-7a55886ee455,enroll.run,available,6.5,,high,low,6,unstoppable,,,30/09/2026 18:26
e980c213-597b-4343-89cb-b598ec142c34,taxation.run,available,3.48,35.98,high,low,8,namecheap,,,30/09/2026 10:13
6a9000e4-5c7c-482d-9744-3b8a10685ed3,offenders.run,available,4,22.69,low,low,9,dynadot,,,29/09/2026 05:55
605f9d53-0d6e-440c-a92b-1a198f568a96,hereabout.run,available,3.48,35.98,medium,low,9,namecheap,,,15/09/2026 00:18
b074a472-95a2-423c-9e11-4a6b14aedf05,haywire.run,available,3.48,35.98,medium,low,7,namecheap,,,
5676c10c-52c8-4119-a0dc-db82167ef581,nevertheless.run,available,2.79,21.94,medium,low,12,spaceship,,,28/09/2026 22:40
53011ddb-c8d2-45bc-98e0-7cb3552af809,burred.run,available,3.48,35.98,medium,low,6,namecheap,,,08/08/2026 17:23
877b9409-e7c7-4660-9c9e-f361f7253c7d,kidnapping.run,available,6.99,26.99,medium,low,10,namesilo,,,25/09/2026 08:11
dd4a0cb0-16c8-44b5-a462-6c67d9b7b53e,marks.run,available,2.79,21.94,high,low,5,spaceship,,,29/09/2026 19:25
cd6b3c9b-84c9-4e50-8ca4-777ac6ee9f09,inboard.run,available,3.48,35.98,medium,low,7,namecheap,,,22/08/2026 00:39
f262b821-0a56-49c6-9a14-96f005115156,johnston.run,available,6.99,26.99,high,low,8,namesilo,,,25/09/2026 07:53
24c4066d-5030-4216-884b-49906e41fbbd,rennes.run,available,2.79,21.94,medium,low,6,spaceship,,,30/09/2026 04:34
3c304a8a-becc-4fa7-b4fb-f2f6a0b5c962,alecto.run,available,6.99,26.99,medium,low,6,namesilo,,,18/09/2026 04:50
5518912d-b8bb-4f85-9a3d-a94fd09cc8ba,fremont.run,available,6.99,26.99,medium,low,7,namesilo,,,27/09/2026 04:04
5d1ec65c-adba-4ab9-8723-8b93e8c01e7d,catastrophe.run,available,6.99,26.99,medium,low,11,namesilo,,,28/09/2026 22:54
416682d3-51ee-49c2-ad21-8d8ead4fbcb3,actuated.run,available,3.48,35.98,medium,low,8,namecheap,,,
a3d22ebb-9b40-4b2d-8809-4ea6d089d184,among.run,available,2.79,21.94,medium,low,5,spaceship,,,30/09/2026 22:57
819f74ce-842e-489b-847b-f5e79e70fc05,angora.run,available,6.99,26.99,high,low,6,namesilo,,,19/09/2026 07:06
eed5f0a2-2406-4d94-baea-abbffcb4ae5d,aquatic.run,available,6.99,26.99,high,low,7,namesilo,,,24/09/2026 08:22
bf6d760a-b294-405d-a62a-c9ba56258abc,cosigner.run,available,3.48,35.98,medium,low,8,namecheap,,,13/08/2026 02:49
e28f19ae-0572-498a-abf1-978e27131ab7,sworn.run,available,6.99,26.99,high,low,5,namesilo,,,27/09/2026 04:14
f44155bd-f881-42c4-b548-e96cdd6eadfc,cooperate.run,available,6.99,26.99,high,low,9,namesilo,,,28/09/2026 17:32
2ce806c7-47a0-40cd-858b-2d5d4e83eaf2,bastille.run,available,6.99,26.99,high,low,8,namesilo,,,22/09/2026 12:48
b26dc19a-f3aa-4d25-b8c2-6c4b10cb1def,fia.run,premium,23.6,23.6,medium,low,3,namesilo,,,28/09/2026 09:02
29c5dc9e-54f8-44f3-bdcb-309677854793,amur.run,available,6.99,26.99,high,low,4,namesilo,,,19/09/2026 00:13
e8428882-a5d4-4370-95da-89535f2fb1e9,eightfold.run,available,3.48,35.98,medium,low,9,namecheap,,,15/08/2026 21:27
02c00819-787e-4c6e-b734-f54275e850aa,servants.run,available,6.99,26.99,medium,low,8,namesilo,,,18/09/2026 01:39
d0a19167-a2e9-4f18-9c3b-2e9e36c7a940,sweater.run,available,6.99,26.99,high,low,7,namesilo,,,28/09/2026 06:35
955caf9d-ddbd-4d1b-95de-386381f7fa1e,aphelion.run,available,6.99,26.99,medium,low,8,namesilo,,,19/09/2026 16:55
046c16cd-ecba-4e76-8eb4-81df85369958,screecher.run,available,6.99,26.99,medium,low,9,namesilo,,,22/09/2026 17:04
6e202e8d-79f9-4a26-93f1-9f621915a434,adenauer.run,available,6.99,26.99,medium,low,8,namesilo,,,17/09/2026 07:24
3baff250-47e0-49f8-ac3b-33899fd73dc1,turki.run,available,3.48,35.98,medium,low,5,namecheap,,,11/09/2026 21:16
5faf9d2f-6aec-4236-8105-4bac31aa8ec0,orchestrated.run,available,6.99,26.99,high,low,12,namesilo,,,16/09/2026 23:12
224cdf08-cb53-4aa7-9c10-960b999868ab,hotter.run,available,3.48,35.98,high,low,6,namecheap,,,29/09/2026 08:52
ad12d830-4019-4289-9a90-6a0bb81353df,acetous.run,available,3.48,35.98,medium,low,7,namecheap,,,
b6b39768-4d25-4635-ac1b-208fc22e8d8b,rises.run,available,3.48,35.98,low,low,5,namecheap,,,28/09/2026 13:01
ac533bed-bdd8-425b-8eb6-0dcf593bf384,increases.run,available,21.2,21.2,medium,low,9,cloudflare,,,29/09/2026 10:46
2969d369-d931-4486-96b9-05f4df0d6726,unopened.run,available,3.48,35.98,medium,low,8,namecheap,,,12/09/2026 16:14
69639935-0afb-4544-83da-da1c7d136d49,reverently.run,available,3.48,35.98,medium,low,10,namecheap,,,15/09/2026 23:35
18954c14-6aea-4e79-9deb-a694c57a2b23,winona.run,available,6.99,26.99,medium,low,6,namesilo,,,28/09/2026 22:06
2690953b-ce03-4f8f-8cbd-19f5a3bffc92,euclidean.run,available,3.48,35.98,medium,low,9,namecheap,,,17/08/2026 14:06
7395d212-4eb2-4d54-b236-7b246537d475,tremendously.run,available,4,22.69,medium,low,12,dynadot,,,30/09/2026 19:57
4538eedf-6074-43ea-901e-26e7c5aae457,harold.run,available,21.2,21.2,high,low,6,cloudflare,,,01/10/2026 08:34
b4b0ea77-a50d-4227-9856-bb99be804668,unfinished.run,available,3.48,35.98,high,low,10,namecheap,,,12/09/2026 10:17
4a37a927-74ef-452c-bf10-9b45e26dabe9,emperors.run,available,2.79,21.94,medium,low,8,spaceship,,,02/10/2026 03:23
6f462fbc-6a0c-4842-82aa-a7f07f231943,treatment.run,available,6.99,26.99,high,low,9,namesilo,,,28/09/2026 08:22
41215214-f266-4859-a5c0-0e3ca452d141,avogadro.run,available,3.48,35.98,medium,low,8,namecheap,,,18/09/2026 17:51
02bbff73-f250-4c49-8be5-584272609bff,molded.run,available,3.48,35.98,medium,low,6,namecheap,,,25/08/2026 03:46
aaaac7ac-0f3c-4b8e-ae3d-71890a8c9870,denham.run,available,6.5,,medium,low,6,unstoppable,,,30/09/2026 05:30
c89e59ef-c8a3-4c91-ab26-9957a3a64d06,ribs.run,available,6.99,26.99,medium,low,4,namesilo,,,28/09/2026 00:08
8dc724c0-17f7-4ba9-a717-d19026d2f55f,kathmandu.run,available,6.99,26.99,medium,low,9,namesilo,,,29/09/2026 06:13
b5208882-42d0-455b-af0d-eec67ca0d8be,minimize.run,available,2.79,21.94,high,low,8,spaceship,,,29/09/2026 20:40
9f296de2-c5d1-4033-b16f-616a8ba24ac0,polonium.run,available,6.99,26.99,medium,low,8,namesilo,,,20/09/2026 23:54
4e54a4a1-e16f-4991-bba4-dd969dd28e47,baryon.run,available,6.99,26.99,medium,low,6,namesilo,,,22/09/2026 09:41
9a61e6e8-2207-4c9c-a4d9-3991e7bfcc00,abrachia.run,available,6.99,26.99,medium,low,8,namesilo,,,16/09/2026 16:47
8ba72c66-f3e4-400f-ada5-9e1afa75e6cc,mfr.run,premium,103.7,207.2,medium,low,3,spaceship,,,01/10/2026 07:03
7142ef5f-f011-4bb0-bac0-96510ee36fbb,phony.run,available,3.48,35.98,medium,low,5,namecheap,,,08/08/2026 23:09
872a2c96-49e1-44c3-b988-e67af67d2d47,illuminated.run,available,4.12,22.14,high,low,11,porkbun,,,01/10/2026 18:40
bcfd2c3f-9f90-41fc-a2d2-aaa7ca862eda,sosa.run,available,6.99,26.99,medium,low,4,namesilo,,,01/10/2026 06:54
9c4c0374-d64f-42c0-824d-773d0a5c1ec6,amort.run,available,3.48,35.98,medium,low,5,namecheap,,,
6361d5b1-8ba6-43d7-a777-f918b79475d4,stoolie.run,available,3.48,35.98,medium,low,7,namecheap,,,11/08/2026 16:46
6c5254c3-8ae6-4449-9a8e-2e4d0326fdb3,desires.run,available,6.99,26.99,high,low,7,namesilo,,,17/09/2026 08:40
18736e75-ee95-4313-8cef-dfa74215e356,amnesic.run,available,3.48,35.98,medium,low,7,namecheap,,,
585232b3-8085-49a6-a0b7-09332ff94897,approx.run,available,6.99,26.99,medium,low,6,namesilo,,,27/09/2026 02:29
072945ab-52e5-44de-af61-c848e1fee7f2,tiered.run,available,3.48,35.98,medium,low,6,namecheap,,,11/09/2026 15:49
d65af428-f647-4787-82d0-bcbc65dd13cb,desirable.run,available,3.48,35.98,high,low,9,namecheap,,,14/08/2026 03:47
cdb19431-fd50-447e-acae-535883d07617,dandified.run,available,6.99,41.99,medium,low,9,name.com,,,13/08/2026 17:01
ceb5f936-a1c0-4451-ac79-c1a6c426afa5,hostage.run,available,6.99,26.99,high,low,7,namesilo,,,25/09/2026 23:10
7085505c-cbf9-4093-9d8a-fbe0e8241077,archaeology.run,available,4,22.69,high,low,11,dynadot,,,29/09/2026 22:59
19b069e0-dd48-43d3-94b2-dfab94e81e4d,napa.run,resell,,,high,low,4,,,,01/10/2026 18:48
13276121-63c1-4b07-9d5e-b371c887c754,coma.run,available,6.99,26.99,high,low,4,namesilo,,,25/09/2026 04:19
55776bec-147c-4df5-b0fb-299c850a3652,cbt.run,premium,220,220,high,low,3,dynadot,,,01/10/2026 15:54
041723e8-6c80-4e50-8d5a-0918309f9753,scholar.run,resell,,,high,low,7,"Spaceship, Inc.",09/05/2026 19:59,09/05/2027 19:59,26/09/2026 08:50
1fd84199-aea7-4c57-a1ab-e2fddae7e3bc,syringe.run,available,6.5,,high,low,7,unstoppable,,,30/09/2026 11:09
33abdd9a-0c27-4ab8-bccc-9212952dba0f,collinear.run,available,3.48,35.98,medium,low,9,namecheap,,,12/08/2026 17:10
579d8938-0ad0-485d-9e45-422fb91fa76b,sequester.run,available,3.48,35.98,medium,low,9,namecheap,,,12/08/2026 21:06
b8d34642-bbc3-43b6-8fdd-03c2ea1bd6d3,sexes.run,available,6.5,,medium,low,5,unstoppable,,,01/10/2026 15:53
b66bf149-1f27-4284-bcad-a3da3147e972,tripod.run,available,21.2,21.2,high,low,6,cloudflare,,,30/09/2026 19:02
6a0f6d8d-4488-407c-aff6-8e14f16bc9a3,milton.run,premium,,,high,low,6,,,,28/09/2026 10:12
5989c3c9-7123-4b30-a558-a410b35da324,abwatt.run,available,6.99,26.99,medium,low,6,namesilo,,,16/09/2026 19:39
ce738031-7962-481e-9c38-e8bfe7a1f601,balefire.run,available,6.99,26.99,medium,low,8,namesilo,,,21/09/2026 21:52
874aec4d-8ac8-4dcd-b384-7a56598bc77d,abrahams.run,available,2.79,21.94,medium,low,8,spaceship,,,01/10/2026 16:25
b148fe7f-e67b-4aa5-a5f3-fb558264cd7d,alarms.run,available,4,22.69,medium,low,6,dynadot,,,30/09/2026 07:16
fd0fbd3c-836b-4427-82a0-61e3650b70a6,clasp.run,available,4,22.69,high,low,5,dynadot,,,30/09/2026 08:50
474bca37-1e89-40a1-8a16-5eb2c6122051,abaca.run,available,6.99,26.99,medium,low,5,namesilo,,,16/09/2026 13:44
68653b53-09c1-410c-9563-ac2779d222c4,rimmed.run,available,3.48,35.98,medium,low,6,namecheap,,,09/09/2026 17:45
9ca50c2a-7961-4899-a2b2-832cc0dc3df0,delicious.run,resell,6.99,41.99,high,low,9,"Spaceship, Inc.",09/05/2026 05:48,09/05/2027 05:48,26/09/2026 05:29
33de95b9-fa1d-4f17-b9a6-3069aa6ef55f,glut.run,available,6.99,26.99,medium,low,4,namesilo,,,23/09/2026 17:21
91c477bf-2fbc-46fd-a1ab-271b1197e373,adaption.run,available,6.99,26.99,medium,low,8,namesilo,,,17/09/2026 06:32
adfab5d0-2050-4930-bc14-c47b6ffb3f65,fines.run,available,2.79,21.94,medium,low,5,spaceship,,,01/10/2026 00:54
18243dc1-d63d-4ec8-9212-cc2fda85a5b6,elements.run,resell,,,high,low,8,,,,28/09/2026 01:50
a99f37ca-69c1-4b99-aa61-74b55649ce03,unstaged.run,available,3.48,35.98,medium,low,8,namecheap,,,12/09/2026 20:29
3a069dfd-a8a5-4968-9a9e-9f3888d5dfe0,fleeing.run,available,6.99,26.99,high,low,7,namesilo,,,29/09/2026 03:23
a3f20871-1de2-48cf-8503-aed4e4c96051,elated.run,available,3.48,35.98,high,low,6,namecheap,,,16/08/2026 00:44
0baa7450-cf85-436c-aa03-bb3a2ac49a04,thuringia.run,available,6.5,,medium,low,9,unstoppable,,,30/09/2026 03:01
976f5a50-2b8c-48ef-a741-11cfb98bd192,aphesis.run,available,6.99,26.99,medium,low,7,namesilo,,,19/09/2026 16:55
8d53b0be-bfea-45b2-b077-472e69ea58af,discrete.run,available,3.48,35.98,high,low,8,namecheap,,,14/08/2026 10:02
d86dd5b0-54e6-4d09-a2c4-bb838129ed2e,wipes.run,available,6.99,26.99,medium,low,5,namesilo,,,20/09/2026 09:39
a85c55af-fa04-42ed-9e52-e78849bb98ae,stupidity.run,available,3.48,35.98,medium,low,9,namecheap,,,23/09/2026 11:18
7b2fb91d-2898-46e6-bea8-325e4e6817cf,occurrent.run,available,3.48,35.98,medium,low,9,namecheap,,,04/09/2026 00:18
d5ff64dc-4285-41c0-ad1b-2783d062d370,melodic.run,available,3.48,35.98,high,low,7,namecheap,,,24/08/2026 19:41
d6028dec-78c2-4c2b-8cec-ca890b17a933,character.run,resell,,,high,low,9,"Spaceship, Inc.",17/07/2026 13:10,17/07/2027 13:10,26/09/2026 04:52
6d8328d1-f244-4374-a661-b14cb9b7bcd0,advised.run,available,21.2,21.2,high,low,7,cloudflare,,,01/10/2026 02:49
7344f8a7-ea89-41b8-b217-af6eccb88c72,randoms.run,available,6.99,26.99,low,low,7,namesilo,,,19/09/2026 22:13
76547415-c6d3-43b8-9b6c-d0f0d3daef7b,undermine.run,available,3.48,35.98,medium,low,9,namecheap,,,29/09/2026 06:16
f5d9d623-0db5-4b51-815d-4d662dc52c09,disneyland.run,available,2.79,21.94,high,low,10,spaceship,,,29/09/2026 16:04
04b0dfb4-f9b3-4320-a2e4-7532fc0ff51a,marion.run,available,6.99,26.99,high,low,6,namesilo,,,25/09/2026 14:37
14d621b2-e02c-44dc-81b8-9849b0e77fae,imagined.run,available,6.99,26.99,high,low,8,namesilo,,,27/09/2026 09:43
dd6fad60-9475-4d5a-9024-0739d18f5261,nosey.run,available,3.48,35.98,medium,low,5,namecheap,,,03/09/2026 21:50
eb046a25-e460-4480-9296-98efa876a578,axes.run,available,3.48,35.98,low,low,4,namecheap,,,
79fad5e7-59a5-4545-bfad-8206cd04b512,abdominal.run,available,6.99,26.99,high,low,9,namesilo,,,21/09/2026 13:47
71b378f2-c6e1-4230-b960-936f51459c9b,housed.run,available,2.79,21.94,high,low,6,spaceship,,,30/09/2026 15:37
27dd3a5b-3086-4291-901f-800226ab4f69,rushed.run,available,4,22.69,high,low,6,dynadot,,,27/09/2026 17:29
da3b6267-ad8f-4880-8021-c57394157605,montreal.run,resell,,,high,low,8,"GoDaddy.com, LLC",12/12/2021 05:29,12/12/2026 05:29,30/09/2026 05:13
73893305-b40e-49c9-b0f7-2aceabab12d1,jewelled.run,available,3.48,35.98,medium,low,8,namecheap,,,18/08/2026 21:12
70bfdc98-07e1-45c0-b4b0-c3f77da06c96,volunteering.run,available,6.99,26.99,high,low,12,namesilo,,,17/09/2026 09:33
ce632f86-662e-4e33-9c57-5d0f8dc93c7e,prehensile.run,available,3.48,35.98,medium,low,10,namecheap,,,07/08/2026 22:14
5f26287d-3864-417a-b130-8386bac1009d,expelled.run,available,4,22.69,low,low,8,dynadot,,,28/09/2026 12:50
d14064da-e80d-4fcf-9935-3e438830fee7,abdication.run,available,3.48,35.98,medium,low,10,namecheap,,,16/09/2026 14:43
345591a8-8f87-49ab-9185-e5e1d51c02cc,isothermal.run,available,3.48,35.98,medium,low,10,namecheap,,,22/08/2026 11:22
38cbe153-951b-4cea-9402-9478169f41cc,crab.run,resell,,,high,low,4,"Sav.com, LLC",06/02/2025 17:09,06/02/2028 17:09,29/09/2026 01:49
2d094ac6-b6f7-48e2-a8cb-811d0a870dbe,acronymous.run,available,3.48,35.98,medium,low,10,namecheap,,,
8c08a7d3-582f-4eca-b77b-bb353cb9ba58,invites.run,available,21.2,21.2,medium,low,7,cloudflare,,,29/09/2026 11:26
a808a187-4351-4dfe-9559-7f7950fd143e,originality.run,available,3.48,35.98,high,low,11,namecheap,,,30/09/2026 14:27
3a4d11c7-53bc-4da8-b503-725304ef8fd2,mtv.run,premium,11.19,22.36,high,low,3,porkbun,,,28/09/2026 03:45
29da668c-c64f-414d-bfa6-6831ff4aee5c,insights.run,resell,,,high,low,8,,,,30/09/2026 07:10
dbbcdca0-9554-41a2-8d4d-a7854e087033,diverted.run,available,3.48,35.98,medium,low,8,namecheap,,,
9422936f-e099-449e-bd47-2b4f55ca2e81,waiting.run,available,6.99,26.99,high,low,7,namesilo,,,27/09/2026 10:28
2124a23c-9f0a-48af-a88b-da83061c106e,painting.run,available,6.99,26.99,high,low,8,namesilo,,,25/09/2026 07:33
cae49e29-4344-4cc1-b53a-15282a45a74d,surprisingly.run,available,4,22.69,high,low,12,dynadot,,,01/10/2026 23:15
45f150c3-d467-4944-9031-cd1ab95d741c,buds.run,available,3.48,35.98,medium,low,4,namecheap,,,20/09/2026 03:42
ee7a170c-c7c1-480e-9249-bdfc5709116c,ceremonial.run,available,3.48,35.98,high,low,10,namecheap,,,19/09/2026 15:03
c283692e-dfb0-4a93-b3e4-710df05abafe,conforming.run,available,3.48,35.98,high,low,10,namecheap,,,12/08/2026 21:11
31afe24f-bb0d-4e76-b292-a1df023468ab,unload.run,available,6.99,26.99,high,low,6,namesilo,,,29/09/2026 08:24
13d8315e-1e61-46d9-acf0-10a80edbe7d4,distracting.run,available,6.99,26.99,low,low,11,namesilo,,,01/10/2026 16:15
3d87b3f3-c6e0-429e-b0fc-faa6319ddac1,rubs.run,available,6.99,26.99,medium,low,4,namesilo,,,20/09/2026 09:37
9c8999a6-5e53-4b47-b546-e4f47f4f59fe,pizarro.run,available,6.5,,medium,low,7,unstoppable,,,30/09/2026 01:41
8eae8d10-3eb4-43c2-b966-821d81a7cad2,mouthguard.run,available,6.99,,medium,low,11,name.com,,,
3d1d5b58-9866-44dd-bd13-32e4065fd67f,taipeh.run,available,6.99,26.99,medium,low,6,namesilo,,,24/09/2026 12:26
81590a7b-4ddf-46cb-87cf-92d51ee8549a,leia.run,available,6.99,,high,low,4,name.com,,,
e017f650-baca-4f64-8eb4-dbf6abe736ba,singled.run,available,2.79,21.94,medium,low,7,spaceship,,,30/09/2026 06:31
50bfacf4-5010-496f-b56d-e1d8bcca4022,thayer.run,available,3.48,35.98,medium,low,6,namecheap,,,28/09/2026 08:07
48ae091a-3483-40b4-91a1-8eda4c870f8b,bilberry.run,available,6.99,26.99,medium,low,8,namesilo,,,23/09/2026 15:37
d3b70be6-6e58-41b9-b1ea-2e22381a2707,minuscule.run,available,6.99,26.99,high,low,9,namesilo,,,25/09/2026 15:24
5b9c213e-6113-46c5-bcef-4840da45c50d,compares.run,available,21.2,21.2,medium,low,8,cloudflare,,,30/09/2026 15:18
5f62fc37-b4e1-45ef-89c8-94b75635ee83,chairperson.run,available,6.99,,high,low,11,name.com,,,
b4dad992-8db3-426f-98d4-2c1a2513733a,garments.run,available,3.48,35.98,medium,low,8,namecheap,,,30/09/2026 23:02
f302322a-a41b-49bf-857a-64f797626a49,clinical.run,available,4,22.69,high,low,8,dynadot,,,01/10/2026 21:10
8ca28206-0e81-4a59-96e8-3e606046a71f,dismal.run,available,3.48,35.98,medium,low,6,namecheap,,,14/08/2026 11:38
e4d13fb6-d929-4bb9-9f37-2634f3151680,biographer.run,available,3.48,35.98,high,low,10,namecheap,,,23/09/2026 18:07
e4c664c8-4154-4b64-b1b7-889dccac0588,praiseful.run,available,3.48,35.98,medium,low,9,namecheap,,,22/08/2026 20:51
4ae096a3-1aa8-41b9-857e-5bd4034dcd90,ivor.run,available,6.5,,medium,low,4,unstoppable,,,29/09/2026 22:08
00ee587c-2e2c-4f29-a7c8-7b4e29cd3c06,strained.run,available,3.48,35.98,high,low,8,namecheap,,,23/09/2026 21:17
c68a77f2-0dc8-4182-b669-7d4f2d04219b,steadied.run,available,3.48,35.98,medium,low,8,namecheap,,,10/09/2026 19:30
f32d7e46-4f67-4cbc-ba1c-de52e8cd3dc4,sternly.run,available,6.99,26.99,medium,low,7,namesilo,,,16/09/2026 07:01
b99c5486-7351-4d14-b605-c171407d4b62,prestigious.run,available,2.79,21.94,high,low,11,spaceship,,,29/09/2026 08:35
4da12448-78ce-49b9-8078-8683c50c08d4,teeny.run,available,3.48,35.98,high,low,5,namecheap,,,10/08/2026 08:12
27a979d7-d26e-4bb1-9dfe-9b8ffd7c091d,dovish.run,available,3.48,35.98,medium,low,6,namecheap,,,14/08/2026 17:07
00bc1ea7-808f-4c51-826d-971f7e6dfea4,breadfruit.run,available,6.99,26.99,high,low,10,namesilo,,,20/09/2026 11:57
0a1bc69f-ff1e-4a8f-b40e-ede012b9531e,boasting.run,available,3.48,35.98,medium,low,8,namecheap,,,02/10/2026 04:07
1f0e2dce-209d-46aa-807b-c2c248f72580,nellie.run,available,6.99,26.99,high,low,6,namesilo,,,27/09/2026 18:29
e097a475-7d73-4d07-aeef-64a72d74bd65,aardwolf.run,available,6.99,26.99,medium,low,8,namesilo,,,19/09/2026 15:52
13eb8d1b-efdc-468b-8877-381c379af04f,acrobatics.run,available,6.99,26.99,high,low,10,namesilo,,,17/09/2026 03:19
074fad2e-a479-4b54-828d-3c3f71d7bf82,taurine.run,available,3.48,35.98,medium,low,7,namecheap,,,11/09/2026 09:15
1579906a-a7d4-4a68-bc66-dd1cf2ee3c32,entering.run,available,3.48,35.98,high,low,8,namecheap,,,22/08/2026 01:48
ae3bb408-dd70-42cd-a6b5-ee8ec9b5fdbd,tenanted.run,available,3.48,35.98,medium,low,8,namecheap,,,11/09/2026 11:09
84d9c0c0-35ed-4450-8c4e-dec888744005,koreans.run,available,2.79,21.94,medium,low,7,spaceship,,,29/09/2026 17:32
274f7354-9f91-4cc8-98ff-4453d77dd723,angiogram.run,available,6.99,26.99,medium,low,9,namesilo,,,19/09/2026 06:13
e2107996-e19b-47a4-af5d-357906f26b01,unseeable.run,available,3.48,35.98,medium,low,9,namecheap,,,22/08/2026 09:08
a87f2c60-9a84-4892-8d5a-4a162975bdc9,meadows.run,available,6.99,26.99,medium,low,7,namesilo,,,29/09/2026 11:15
0155c107-acb0-4958-adf8-fbeda10d5880,chelonian.run,available,3.48,35.98,low,low,9,namecheap,,,12/08/2026 04:08
2b89c0fe-8a49-48b0-8cca-5f1793bce69b,cappuccino.run,available,21.2,21.2,high,low,10,cloudflare,,,29/09/2026 07:24
c2af1c16-3e97-400d-93d9-3219134d6811,assurance.run,resell,,,high,low,9,"Spaceship, Inc.",17/07/2026 13:11,17/07/2027 13:11,26/09/2026 04:05
64411bd7-6bd4-47b3-930e-984f40f95b59,draught.run,available,21.2,21.2,high,low,7,cloudflare,,,02/10/2026 04:06
a2a59588-edb2-4f10-b326-08ad04de3efb,soyuz.run,available,6.99,26.99,high,low,5,namesilo,,,29/09/2026 15:02
fc618dbd-abb0-4f77-93ef-8ef46e55c9a1,hunchback.run,available,3.48,35.98,medium,low,9,namecheap,,,13/08/2026 07:49
64d93168-b10e-4f4c-9c23-2ca59b2426f7,benzyl.run,available,6.99,41.99,high,low,6,name.com,,,23/09/2026 09:03
2431559a-614b-4508-8ea4-a089e596f6b8,unbelievable.run,available,6.99,26.99,high,low,12,namesilo,,,28/09/2026 07:08
56db80e5-a16e-4ae4-9bca-d2d62bbede3d,prenatal.run,available,3.48,35.98,high,low,8,namecheap,,,22/09/2026 05:55
27657af4-d745-4292-9539-abf2fcf7dd37,coerce.run,available,3.48,35.98,medium,low,6,namecheap,,,20/08/2026 22:25
54a7ca8c-f867-41de-b092-becb854a4a4b,toasted.run,available,3.48,35.98,high,low,7,namecheap,,,11/09/2026 16:35
6cf169ff-61a4-460f-8691-dde4858eca8a,gawky.run,available,3.48,35.98,medium,low,5,namecheap,,,12/08/2026 13:06
35aa9299-f15e-410c-b77a-605df9c52e5b,rosalie.run,available,2.79,21.94,medium,low,7,spaceship,,,29/09/2026 09:42
ce67b28f-9eb3-462c-8606-a74b68527a5e,diploma.run,available,6.5,,high,low,7,unstoppable,,,29/09/2026 15:03
25b88ee0-c878-4a64-9374-8c1665aa7d33,emperor.run,available,2.79,21.94,high,low,7,spaceship,,,28/09/2026 01:49
3de9a989-eb97-4996-8b06-7f2dce6564f3,spring.run,resell,,,high,medium,6,Xin Net Technology Corporation,10/02/2018 01:52,10/02/2027 01:52,30/09/2026 01:44
a6b8160c-1491-4e0d-a83b-69911067d944,missoula.run,resell,,,medium,low,8,,,,29/09/2026 01:41
d1a1fa32-430b-4fd9-807a-890fa205de80,transpolar.run,available,3.48,35.98,medium,low,10,namecheap,,,11/09/2026 18:57
29efbc06-3aa7-442b-b8d6-9d8fb5931c8f,york.run,premium,23.6,23.6,high,low,4,namesilo,,,29/09/2026 23:04
b3884b7e-e770-40cf-960c-e45e065a18d2,fourteenth.run,available,3.48,35.98,high,low,10,namecheap,,,
cdde00bf-df7b-457d-8a3d-6d5a5b55d3c7,unburdened.run,available,3.48,35.98,high,low,10,namecheap,,,11/08/2026 10:27
1c0a5711-f60b-44f9-9c7c-3864369eaf14,austerlitz.run,available,6.99,26.99,medium,low,10,namesilo,,,21/09/2026 04:41
6ef91c60-275b-4d81-9ef3-fa968fb6def8,sublimely.run,available,6.99,26.99,medium,low,9,namesilo,,,16/09/2026 07:34
a10e6efe-2128-4fb8-bed7-67da7f211649,inconvenient.run,available,6.99,26.99,medium,low,12,namesilo,,,01/10/2026 05:50
71f5b1da-d076-4e80-8cea-720c4a91cd52,personality.run,available,6.99,41.99,high,low,11,name.com,,,25/09/2026 16:45
2c5af4d2-3f12-4546-b024-61389d730065,juxtaposed.run,available,3.48,35.98,medium,low,10,namecheap,,,22/08/2026 15:00
2f85a2bd-1638-44e9-bb45-ab8791a93f86,mold.run,available,6.99,41.99,medium,low,4,name.com,,,24/09/2026 15:22
4e3afdc1-4888-4b03-910d-84918a477565,navarre.run,available,21.2,21.2,medium,low,7,cloudflare,,,27/09/2026 19:38
cbb7c1b7-7ff9-4421-a733-e889b47fafa7,fivefold.run,available,3.48,35.98,medium,low,8,namecheap,,,18/08/2026 05:56
2c922bbb-2378-4651-bd04-b288ff62390b,cylinders.run,available,3.48,35.98,low,low,9,namecheap,,,30/09/2026 06:02
59b5988e-b821-4099-86f3-b56e3c6dfdae,surprised.run,available,4.99,47.99,high,low,9,godaddy,,,28/09/2026 02:04
a035ba23-deda-4b41-ba72-de063655cbe1,spender.run,available,6.99,26.99,high,low,7,namesilo,,,19/09/2026 09:49
ca0cd755-0fd7-4fef-b1b0-6dbb8b709182,interfere.run,available,21.2,21.2,high,low,9,cloudflare,,,28/09/2026 03:20
ca7789c6-528d-4774-875f-ed7cc499c9ff,lefthanded.run,available,6.99,26.99,high,low,11,namesilo,,,30/09/2026 22:36
05a7a88d-360d-4bc1-8460-4e5e0e11c465,aleut.run,available,3.48,35.98,high,low,5,namecheap,,,
469d7bb5-389e-45cb-bf1f-9b8d8fa0b97e,advisory.run,available,3.48,35.98,high,low,8,namecheap,,,
e5fec35a-89e4-46d2-99fc-605ba0249d3d,material.run,resell,,,high,low,8,"Sav.com, LLC - 29",22/05/2026 15:15,22/05/2027 15:15,30/09/2026 23:30
c9487483-d756-4f0c-abef-3985606c8093,comte.run,available,6.99,26.99,high,low,5,namesilo,,,21/09/2026 03:56
7afb960e-aec2-4323-892a-aca27766fd9a,fascinate.run,available,21.2,21.2,high,low,9,cloudflare,,,29/09/2026 08:16
c723b5e2-74cc-4ca7-9e01-1746ca7f1cc4,onionskin.run,available,3.48,35.98,medium,low,9,namecheap,,,18/08/2026 08:17
23c4e07b-9e3b-42dc-9d9f-54da0f40ea02,luxurious.run,available,3.48,35.98,high,low,9,namecheap,,,14/08/2026 00:57
a67807dc-0f94-4f4d-9c3f-e68466621f5e,ney.run,premium,23.6,23.6,medium,low,3,namesilo,,,29/09/2026 12:06
69af4a9f-09b2-4eb5-9aa3-cd19df80a40c,qat.run,premium,13,26,medium,low,3,namecheap,,,17/09/2026 15:24
511a87c5-1cf3-4c0f-b677-69cf97c82564,constituents.run,available,2.79,21.94,low,low,12,spaceship,,,02/10/2026 03:34
42203340-e4c4-4d97-b4f3-d0f2f9b080a0,brit.run,available,3.48,35.98,high,low,4,namecheap,,,11/08/2026 04:52
fb918289-e5e5-4c28-a2c1-ae218366ee0d,guarding.run,available,4,22.69,medium,low,8,dynadot,,,28/09/2026 12:47
cf30fcc4-0e64-4c82-9d8f-36bd8c7d3106,turnovers.run,available,6.99,26.99,medium,low,9,namesilo,,,19/09/2026 22:02
51ffd1e1-569c-4e60-bc44-aeee2eaf58e7,moneymakers.run,available,3.48,35.98,medium,low,11,namecheap,,,20/09/2026 18:20
759a22b0-116e-4fe0-91e1-00d18558e0d2,villiers.run,available,6.99,26.99,medium,low,8,namesilo,,,29/09/2026 09:13
3b4ab5f9-e431-43aa-aebb-00c7faf7f178,hoyt.run,available,2.79,21.94,medium,low,4,spaceship,,,28/09/2026 08:07
a9b88b45-a529-480d-b5ee-b09ef6b804b3,bargainer.run,available,3.48,35.98,medium,low,9,namecheap,,,22/09/2026 05:32
d0be203a-9fce-4a75-af9d-690929500c1f,andira.run,available,6.99,26.99,medium,low,6,namesilo,,,19/09/2026 04:05
e13c7ac4-eb26-4a47-b88c-a23ed0274282,unshielded.run,available,3.48,35.98,medium,low,10,namecheap,,,12/09/2026 19:49
be2364f3-0805-4f10-9bc2-2799772d0a1e,psychologist.run,available,2.79,21.94,high,low,12,spaceship,,,01/10/2026 00:51
8a9b3edd-ccf3-4180-af3b-5a2804a932b5,grotty.run,available,3.48,35.98,medium,low,6,namecheap,,,20/08/2026 20:20
064f3d5f-b601-4ae2-928d-6b1a138789ea,autogeny.run,available,6.99,26.99,medium,low,8,namesilo,,,16/09/2026 15:57
fcd358fb-7b30-45be-84b4-84a4d0b93600,scoffing.run,available,3.48,35.98,medium,low,8,namecheap,,,22/08/2026 12:43
4c0af151-490f-42b7-ace0-6b5a6228ba62,authoriser.run,available,6.99,26.99,medium,low,10,namesilo,,,21/09/2026 05:16
c901dd3b-0bfc-4a47-af8a-16b73b7e60f8,decreed.run,available,3.48,35.98,medium,low,7,namecheap,,,13/08/2026 22:14
a3c2e749-f3c7-4bf7-acb5-fba291e170e0,slyness.run,available,3.48,35.98,medium,low,7,namecheap,,,13/08/2026 10:43
49442c7a-da8e-4685-92f9-f954bf60bd3f,guerrilla.run,available,3.48,35.98,high,low,9,namecheap,,,22/08/2026 10:14
f42f0e87-da8c-473b-8390-8133c621552a,netherlands.run,available,,,high,high,11,,,,
1b95138f-73b7-47fb-b05c-3879d21b4904,betrothal.run,available,6.99,26.99,medium,low,9,namesilo,,,23/09/2026 11:34
63b33890-e433-4a34-b5fb-916c835a28ed,jacobus.run,available,3.48,35.98,high,low,7,namecheap,,,30/09/2026 03:48
1f1e8fc4-e813-4a9b-b3a6-d8fc15bcbdd2,notebooks.run,available,6.99,26.99,medium,low,9,namesilo,,,20/09/2026 11:51
87e73e5d-d237-4888-8bad-a8843c33a9c3,tilted.run,available,3.48,35.98,high,low,6,namecheap,,,07/08/2026 13:29
c94d74eb-fd86-40cb-a471-85190d8e0fda,gusts.run,available,6.99,26.99,medium,low,5,namesilo,,,20/09/2026 20:54
791c519c-8187-4587-ae37-09fcb9007786,kneeling.run,available,21.2,21.2,high,low,8,cloudflare,,,29/09/2026 19:28
814225b3-1736-47e3-b595-66cfdd2ca646,naked.run,resell,,,high,low,5,"Sav.com, LLC - 5",02/03/2026 15:16,02/03/2027 15:16,26/09/2026 07:42
d0413e4b-5405-4feb-9296-6ff51df0de51,terbium.run,available,6.99,26.99,medium,low,7,namesilo,,,20/09/2026 23:28
86d33507-a2a5-4286-8623-5c364da79956,shaanxi.run,available,21.2,21.2,medium,low,7,cloudflare,,,30/09/2026 13:24
0824652c-6a89-422d-b2e9-90311f8ef884,obscurity.run,available,3.48,35.98,high,low,9,namecheap,,,16/09/2026 18:33
9a73da65-3c5f-4781-b2e5-eefb05c47736,motorized.run,available,3.48,35.98,high,low,9,namecheap,,,24/08/2026 18:45
b0217073-1634-4554-ac15-250560275cf9,whitaker.run,available,6.99,26.99,high,low,8,namesilo,,,27/09/2026 20:44
20a0c0ef-f4b4-4958-8333-3391dd9bb898,gained.run,available,2.79,21.94,low,low,6,spaceship,,,28/09/2026 08:35
b943587c-32c8-4b1b-a587-e9e8d82706cf,errors.run,available,6.99,26.99,medium,low,6,namesilo,,,17/09/2026 17:09
7517041a-b1f1-4d57-b2dc-403465771e55,undefeated.run,available,3.48,35.98,high,low,10,namecheap,,,12/09/2026 07:12
bb756785-6f8d-480d-8c6e-b44beebdbf15,delhi.run,resell,,,high,low,5,"GoDaddy.com, LLC",27/11/2021 11:44,27/11/2026 11:44,26/09/2026 05:28
18b4cdf3-f780-465d-a5d1-c569609eec43,metcalf.run,available,6.5,,medium,low,7,unstoppable,,,28/09/2026 18:20
99a1e265-24b1-4dfc-a1d9-1160ad18d6c3,beignet.run,available,6.99,26.99,medium,low,7,namesilo,,,23/09/2026 04:07
36fd35ab-9356-4eb7-8b1c-3d8535fef036,moduli.run,available,6.5,,medium,low,6,unstoppable,,,01/10/2026 00:19
e309b011-5705-4e91-b0e4-8b21b49462dd,burman.run,available,6.5,,high,low,6,unstoppable,,,01/10/2026 04:44
c94a58c0-1a69-4d0a-ae3f-0d9a614cf2c7,wheaton.run,available,6.99,26.99,high,low,7,namesilo,,,28/09/2026 07:32
c5ad3012-2c07-4080-ba4f-fcd9fd9d1d16,noteworthy.run,available,3.48,35.98,high,low,10,namecheap,,,03/09/2026 22:01
167ef67a-e17f-4049-9a67-919c382b5384,denny.run,available,6.99,26.99,high,low,5,namesilo,,,25/09/2026 15:22
18dbc88c-ba8c-473b-9891-2a0ca10b09af,telecom.run,resell,,,high,low,7,Dynadot Inc,06/06/2026 17:00,06/06/2027 17:00,30/09/2026 13:03
0fb59365-0c23-4018-958e-281297802ec0,impressions.run,available,4,22.69,medium,low,11,dynadot,,,28/09/2026 23:21
0b915066-1463-4f51-8ee8-b429f43526e9,frisch.run,available,6.5,,medium,low,6,unstoppable,,,01/10/2026 19:40
2bfb21dc-d9ca-4600-ac24-3577e87b6d7d,prescribed.run,available,3.48,35.98,medium,low,10,namecheap,,,13/08/2026 22:17
ab1b173c-8a65-4561-9342-d87f8acdf3ca,clot.run,available,3.48,35.98,medium,low,4,namecheap,,,12/08/2026 13:36
ff57e84b-4905-4437-9bcf-f8b09e067ec7,closet.run,available,6.99,26.99,high,low,6,namesilo,,,24/09/2026 15:59
70437670-2ade-4b64-9414-f921a842e176,moonless.run,available,3.48,35.98,medium,low,8,namecheap,,,25/08/2026 05:54
2090938b-bcfa-45b6-93df-f15df9804025,pamela.run,available,6.99,,high,low,6,name.com,,,
f9e2cb8a-7b54-4089-9199-d05705a9c997,boltzmann.run,available,6.99,26.99,medium,low,9,namesilo,,,30/09/2026 08:42
984cecbf-c45b-4171-b506-30167f917c36,relieved.run,available,3.48,35.98,high,low,8,namecheap,,,
f3cb0df8-98b1-4188-9e39-093f0854a519,aramus.run,available,3.48,35.98,medium,low,6,namecheap,,,19/09/2026 23:57
e41dd8dc-f509-4d48-9e10-6e2c7bd79f26,slices.run,available,6.99,26.99,medium,low,6,namesilo,,,30/09/2026 15:42
761c70f0-89af-45d0-b6d6-d951c07d7a0b,obnubilate.run,available,3.48,35.98,low,low,10,namecheap,,,03/09/2026 23:55
4b0b4bf7-3882-456a-b571-9a65a2f6504e,leggett.run,available,6.99,26.99,high,low,7,namesilo,,,01/10/2026 23:34
9aeb3a0b-46db-4941-aecb-ce783d67d6c9,flaxen.run,available,3.48,35.98,medium,low,6,namecheap,,,18/08/2026 07:23
9ed2c6e5-0d05-4768-abd8-223ac89686d9,unwelcome.run,available,3.48,35.98,medium,low,9,namecheap,,,12/09/2026 22:38
3159c469-5e59-4346-ab8a-d25f0d092344,overage.run,available,3.48,35.98,medium,low,7,namecheap,,,04/09/2026 19:59
6b80320a-cb5b-48b7-81e5-4ee37fa86c3f,shouts.run,available,6.99,26.99,medium,low,6,namesilo,,,18/09/2026 07:00
eefa03f4-266d-48d5-ae09-ed453a88343b,shrubs.run,available,6.99,26.99,medium,low,6,namesilo,,,30/09/2026 22:40
7396ae12-3681-4625-88c5-fecb080c6c61,baptistry.run,available,3.48,35.98,medium,low,9,namecheap,,,22/09/2026 03:28
f32d1e56-a61e-4034-91db-4e25456b9a0f,angled.run,available,,,medium,low,6,,,,
17273e24-c3d5-43e8-9684-ffb95c84f212,bombproof.run,available,3.48,35.98,medium,low,9,namecheap,,,10/08/2026 18:09
484f9dd7-2040-419d-925f-2fd9820a43b1,fulfil.run,available,4.12,22.14,high,low,6,porkbun,,,01/10/2026 22:07
61d6509f-8d60-4d1a-a1a6-627cfdde5aa1,suspicion.run,available,6.99,26.99,high,low,9,namesilo,,,24/09/2026 23:14
0350ac8b-11eb-4adb-a11e-4f4f60f3a367,engaging.run,available,6.99,26.99,high,low,8,namesilo,,,28/09/2026 07:52
57e6d8ea-a54a-46ad-8732-c9c9265ecb06,areola.run,available,3.48,35.98,medium,low,6,namecheap,,,20/09/2026 03:49
5f1519e3-1686-49fc-a1d7-30613b787a0f,handful.run,available,21.2,21.2,high,low,7,cloudflare,,,28/09/2026 05:45
2ba852d6-1cf1-445f-8ae7-925b897cd4f2,gasoline.run,available,6.99,26.99,high,low,8,namesilo,,,27/09/2026 13:38
9c044037-9c35-4f21-a543-e05ccd50cb13,buddhist.run,available,3.48,35.98,high,low,8,namecheap,,,11/08/2026 07:39
12563197-1726-40ad-9553-4d28447323de,surrendered.run,available,4,22.69,low,low,11,dynadot,,,29/09/2026 05:38
8f81481d-b2ec-429b-a579-cf52bba7acd6,benzedrine.run,available,6.99,26.99,medium,low,10,namesilo,,,23/09/2026 08:31
0b721b9e-4330-4b0b-9078-a3d52ecb8cc1,pathetic.run,available,3.48,35.98,medium,low,8,namecheap,,,20/08/2026 23:50
c1fed8e4-bc1a-48b9-8eb2-49a2615ebb5b,headmaster.run,available,3.48,35.98,high,low,10,namecheap,,,29/09/2026 13:01
50ca0efc-870a-47cd-8ebc-6023e73be012,inhabited.run,available,3.48,35.98,high,low,9,namecheap,,,22/08/2026 04:59
d8907896-05c8-48de-b7d6-119115e99dec,cranky.run,available,3.48,35.98,medium,low,6,namecheap,,,13/08/2026 04:53
e14b61f3-3d71-4dd0-a7e9-068f81fc8f45,witnessing.run,available,6.5,,high,low,10,unstoppable,,,30/09/2026 12:14
1a8193e2-3ca9-453b-a4fd-15c4e2ca0579,deliveries.run,available,21.2,21.2,medium,low,10,cloudflare,,,29/09/2026 11:38
f02fd8c0-5192-4426-8163-479821829efd,jumbled.run,available,3.48,35.98,medium,low,7,namecheap,,,21/08/2026 08:39
cc4ec468-ff55-4514-9abc-ee4d63d13821,fenn.run,available,6.5,,medium,low,4,unstoppable,,,02/10/2026 00:40
861bea67-65dc-4c48-aee9-d89dbbdce213,scales.run,available,6.5,,high,low,6,unstoppable,,,29/09/2026 09:18
f45df23c-a6c4-4f94-aa2e-d96a8d673311,geographic.run,available,3.48,35.98,high,low,10,namecheap,,,18/08/2026 22:27
8f2b1064-9155-4770-980e-9c30b7866b62,edirne.run,available,3.48,35.98,medium,low,6,namecheap,,,17/09/2026 10:01
3961cfd1-5f00-47fe-ada5-c5e86d3f0807,undreamt.run,available,3.48,35.98,medium,low,8,namecheap,,,12/09/2026 08:24
6bb4c199-a869-4363-b85b-5bb167f239ee,elegiac.run,available,3.48,35.98,medium,low,7,namecheap,,,16/08/2026 03:28
8caaf9d2-910a-490c-924d-dffa3f4616aa,inured.run,available,3.48,35.98,medium,low,6,namecheap,,,17/08/2026 10:01
39b6ef7c-623e-427c-a73d-346499d92f51,reversive.run,available,3.48,35.98,medium,low,9,namecheap,,,09/09/2026 16:11
347eae74-ec45-4f2b-8852-eed6776f9dea,monotonic.run,available,3.48,35.98,medium,low,9,namecheap,,,25/08/2026 05:23
fc29b3cc-0a5a-42a7-802f-ea9782fda6ac,adiantum.run,available,6.99,26.99,medium,low,8,namesilo,,,17/09/2026 08:05
7b2775f3-3c21-4793-9de6-df6d709c5b22,outburst.run,available,6.5,,high,low,8,unstoppable,,,30/09/2026 01:27
49a962c7-2721-4be7-a6d5-af2fc6c0ffc0,penciled.run,available,3.48,35.98,medium,low,8,namecheap,,,08/09/2026 13:55
fc6c83d6-5748-4bb4-be46-0a49d502d7ce,revived.run,available,3.48,35.98,high,low,7,namecheap,,,09/09/2026 11:00
4e336732-9468-4495-a3f3-5e1333082f8e,cary.run,available,6.99,26.99,high,low,4,namesilo,,,25/09/2026 12:59
61037871-c29f-42f7-9e8f-e689fbf4521e,leuven.run,available,21.2,21.2,medium,low,6,cloudflare,,,29/09/2026 15:09
6ea2ea60-0905-4138-826b-34d64e3c4f7a,fifteen.run,available,6.99,26.99,high,low,7,namesilo,,,21/09/2026 11:44
b62ecd81-99ff-4369-a126-515ba43ff948,durkheim.run,available,6.99,26.99,high,low,8,namesilo,,,02/10/2026 04:38
4777424b-b944-42ee-b5ae-8fc92cc2cc62,clinquant.run,available,3.48,35.98,medium,low,9,namecheap,,,12/08/2026 11:08
87622aa6-67ca-41a6-a285-a78b5fa20b3c,excellence.run,resell,,,high,low,10,,,,29/09/2026 06:50
f82b0e51-66c1-49a3-9388-3895772f7243,starting.run,resell,,,high,low,8,"Sav.com, LLC - 29",18/09/2025 15:16,18/09/2027 15:16,28/09/2026 00:44
c9f62bef-4231-4dcb-9ddc-b016e8c57861,speculation.run,available,6.99,,medium,low,11,name.com,,,
d6d9bfaf-f822-49f7-875f-4868c36ce9aa,consciously.run,available,2.79,21.94,medium,low,11,spaceship,,,30/09/2026 20:00
512b3a08-fc71-4356-a676-5c1c4f02d53d,complainer.run,available,6.99,26.99,medium,low,10,namesilo,,,23/09/2026 06:45
0c38ab6c-39ad-40ad-a76b-7af7f92a80db,homemade.run,available,4.12,22.14,high,low,8,porkbun,,,29/09/2026 22:59
a0be9141-12dc-4b7e-91a0-581df3cc8d13,cafe.run,resell,,,high,low,4,"DNSPod, Inc.",29/01/2016 07:41,29/01/2027 07:41,26/09/2026 04:42
d5c68c0c-d197-41b2-9225-b9af31c1799d,lesions.run,available,6.5,,low,low,7,unstoppable,,,30/09/2026 07:01
bce8e182-c2b2-4f05-bf4c-0dcaf2039813,liquor.run,premium,,,high,low,6,,,,29/09/2026 03:40
8fcb8dab-ab39-476a-b15b-164656ca7b23,cxxx.run,available,3.48,35.98,high,low,4,namecheap,,,
ebe9d291-ab49-4016-a5d4-815daf3e85a9,utah.run,resell,,,high,low,4,"GoDaddy.com, LLC",16/08/2015 16:00,16/08/2027 16:00,26/09/2026 09:55
b97eb7e6-d620-49fd-b8f0-1443aa03290d,kwame.run,available,6.99,26.99,medium,low,5,namesilo,,,01/10/2026 23:56
7a37f3df-fe89-4879-8bec-75714eb1fa4c,tranquil.run,available,3.48,35.98,high,low,8,namecheap,,,11/08/2026 14:53
338176bb-8ca2-489b-b9d3-8730a22a96f4,stayed.run,available,6.99,26.99,medium,low,6,namesilo,,,27/09/2026 02:56
0522c3b0-2081-4c37-bf41-da9ed011c84c,seoul.run,premium,242,242,high,low,5,namesilo,,,29/09/2026 06:58
53cf99d8-1be7-46f6-8854-209cced27c9d,shook.run,available,6.5,,medium,low,5,unstoppable,,,28/09/2026 20:26
05923618-61bf-4b10-b2e6-9ac995abd40b,separation.run,available,6.99,26.99,high,low,10,namesilo,,,30/09/2026 10:56
8588a89d-cd4d-4766-8ed9-e963af9d0342,postural.run,available,3.48,35.98,medium,low,8,namecheap,,,09/09/2026 00:40
6eb8d21c-dc2b-4627-ba2a-61f05d668be5,lives.run,available,6.99,26.99,high,low,5,namesilo,,,18/09/2026 05:57
055bdb13-b8ff-47f6-974f-b4ab4cc90546,herr.run,available,6.99,26.99,medium,low,4,namesilo,,,28/09/2026 10:03
d0288b80-6b64-45b9-8829-dd9d400a8015,spices.run,available,2.79,21.94,medium,low,6,spaceship,,,28/09/2026 23:41
6d106fa6-726f-488a-91c3-1f9a422200e9,idealism.run,available,6.99,26.99,high,low,8,namesilo,,,02/10/2026 05:14
fd66361f-b08d-4a87-8616-4543ec51961f,gaussian.run,available,3.48,35.98,high,low,8,namecheap,,,18/08/2026 20:52
380e6885-c2b9-4020-889b-038457f808d5,milwaukee.run,premium,103.7,207.2,high,low,9,spaceship,,,29/09/2026 01:40
fcc3a143-557d-4454-8770-c2aea2cf2fbf,carefully.run,available,2.79,21.94,medium,low,9,spaceship,,,28/09/2026 13:46
7315cd5f-6450-4df6-a435-4fab06463811,delayed.run,available,6.99,26.99,medium,low,7,namesilo,,,24/09/2026 05:13
6bc25482-ec7a-4b0f-afae-725899fe0c3b,ligands.run,available,2.79,21.94,medium,low,7,spaceship,,,28/09/2026 00:44
bf8d3efa-b69c-4ff5-bf2a-7a1cbb4596e4,subgroup.run,available,3.48,35.98,medium,low,8,namecheap,,,28/09/2026 15:24
905831a4-616e-4c5d-9627-8c02dc288a6a,stockbridge.run,available,2.79,21.94,medium,low,11,spaceship,,,30/09/2026 05:42
2cc0c713-dc61-4703-9dff-7bb619288d0a,terrorists.run,available,6.99,26.99,low,low,10,namesilo,,,27/09/2026 03:16
452207d3-eab2-4ee8-a788-6bd2b74934b9,lovingly.run,available,3.48,35.98,high,low,8,namecheap,,,14/09/2026 19:14
b263620d-73ef-448f-9861-4243fa8d4d1d,roxanne.run,available,2.79,21.94,high,low,7,spaceship,,,01/10/2026 23:46
bdaaee88-1d63-4470-92d6-2020ec9d4177,livonia.run,available,2.79,21.94,medium,low,7,spaceship,,,30/09/2026 02:09
52d6b1f1-2b24-4637-8e82-5b06f93e17b2,inborn.run,available,3.48,35.98,medium,low,6,namecheap,,,12/08/2026 21:42
7cf54ead-c643-4077-b18a-be23c9191363,sashay.run,available,3.48,35.98,medium,low,6,namecheap,,,11/09/2026 05:14
f53589b9-75c9-40d1-a01f-3ecb7cf9e415,mutative.run,available,3.48,35.98,medium,low,8,namecheap,,,03/09/2026 11:48
93443105-96fc-4ec8-973c-c6c1fe56c372,bellicose.run,available,3.48,35.98,low,low,9,namecheap,,,09/08/2026 01:44
989ede30-2b37-4985-92ab-966cddf9a2d7,republicans.run,resell,,,medium,low,11,,,,30/09/2026 06:30
f1d11c96-9418-47b2-8488-7cd7c3fff85b,islands.run,available,6.99,,high,low,7,name.com,,,
a2408cc3-8946-450d-a631-97984ed63e19,selective.run,available,3.48,35.98,high,low,9,namecheap,,,10/09/2026 01:58
60ac0fd2-cc53-4834-afaf-a7a621cf9986,amoy.run,available,6.99,26.99,medium,low,4,namesilo,,,18/09/2026 23:05
f0562456-cc1e-42ac-83eb-fdc4ad050862,empyrean.run,available,3.48,35.98,medium,low,8,namecheap,,,16/08/2026 20:51
1d1871d1-e2bc-482d-a398-2f73797868c2,marang.run,available,6.99,41.99,medium,low,6,name.com,,,20/09/2026 12:01
8e879f3c-74c5-4f46-a5c0-ac67b30ca00c,jaggy.run,available,3.48,35.98,medium,low,5,namecheap,,,17/08/2026 12:34
bf2a42ca-0f5c-4cd3-95e6-6573fb0c3ce1,princely.run,available,3.48,35.98,high,low,8,namecheap,,,14/08/2026 01:00
a954d6a4-be3d-4ae2-a33a-b33244f53b8f,gilt.run,available,3.48,35.98,high,low,4,namecheap,,,18/08/2026 23:34
bd4aa678-268a-41c9-ace3-efd04ccf87df,scholarships.run,available,4,22.69,high,low,12,dynadot,,,30/09/2026 07:48
dfa64328-5a01-43b9-a938-7d28492136cd,arctic.run,resell,,,high,low,6,"Spaceship, Inc.",26/07/2026 17:01,26/07/2027 17:01,26/09/2026 03:58
e08f8539-71cc-4ee3-856d-9d29610ce643,excused.run,available,3.48,35.98,medium,low,7,namecheap,,,17/08/2026 16:44
b8d0be9d-4280-4c7e-83f2-5fad22df4aa2,rand.run,resell,,,high,low,4,"Sav.com, LLC - 9",20/09/2026 15:15,20/09/2027 15:15,26/09/2026 08:29
54590e87-c2b1-42a1-acde-2416796c22e2,palmy.run,available,3.48,35.98,medium,low,5,namecheap,,,10/08/2026 19:15
10f64dbc-3298-4084-8774-197d1fdf7f7c,banian.run,available,6.99,26.99,medium,low,6,namesilo,,,22/09/2026 02:05
0737ff35-50b5-4a8c-98c8-cddefdd69568,madame.run,available,2.79,21.94,high,low,6,spaceship,,,28/09/2026 06:18
f13b6422-c61a-4579-b6bc-dbd8dd7c58e9,uncarved.run,available,3.48,35.98,medium,low,8,namecheap,,,12/09/2026 04:48
d100d068-fa97-41fc-be09-7b21db9ee05d,wobbly.run,available,6.99,26.99,medium,low,6,namesilo,,,27/09/2026 14:59
dd623ea3-c9d3-4170-83e4-ae63ed453d99,padua.run,available,6.99,26.99,medium,low,5,namesilo,,,27/09/2026 15:08
c2702b45-c063-4321-9171-7fd300d2689f,cuny.run,available,6.5,,medium,low,4,unstoppable,,,01/10/2026 06:47
aec6ce36-04a2-4945-918e-899367bf9e40,mathematics.run,available,6.99,26.99,high,low,11,namesilo,,,30/09/2026 13:34
ad8e2a2f-b591-4548-b0c8-45196a6670dc,julia.run,resell,,,high,low,5,"Spaceship, Inc.",07/05/2026 07:00,07/05/2027 07:00,26/09/2026 07:02
b1bd566f-294f-4a6b-8d99-8a5510bcd19c,womb.run,available,4,22.69,high,low,4,dynadot,,,28/09/2026 20:42
c3cf8559-0047-48e0-81b5-6901b63530a5,osmanli.run,available,3.48,35.98,medium,low,7,namecheap,,,04/09/2026 18:41
27eedf43-4ad3-436b-855a-06745691e8df,session.run,resell,,,high,low,7,"Sav.com, LLC - 40",27/03/2026 15:15,27/03/2027 15:15,28/09/2026 17:16
b0d100e0-27b0-4a14-b060-f3f06a5a4a58,accidents.run,available,4,22.69,medium,low,9,dynadot,,,28/09/2026 05:03
00d034d6-dfdb-4e41-8fcf-fa8ad05ee33c,pancreas.run,available,6.99,26.99,high,low,8,namesilo,,,30/09/2026 06:22
d0dd7e1c-942a-4da7-bbfd-b06f59984114,following.run,available,3.48,35.98,high,low,9,namecheap,,,18/08/2026 10:22
2f1a202a-78c0-49db-a931-3e6a0f9ed0c7,estimated.run,available,6.99,26.99,medium,low,9,namesilo,,,17/09/2026 13:47
54075575-eccd-4bdf-b96a-e89b714e00a0,gonzales.run,available,6.99,26.99,medium,low,8,namesilo,,,27/09/2026 20:26
9457acb8-91b3-4e64-be6d-47dd2b92a973,truelove.run,available,3.48,35.98,medium,low,8,namecheap,,,10/09/2026 19:36
41c3f9c0-d48f-471e-9242-52ad42bea7c5,photographers.run,available,6.99,26.99,medium,low,13,namesilo,,,19/09/2026 22:58
f8ab0fb9-af4e-42b6-bb73-a813ac852d74,agrologic.run,available,3.48,35.98,medium,low,9,namecheap,,,
a9ac7454-3719-4308-84b7-80ada79ab617,obliging.run,available,3.48,35.98,high,low,8,namecheap,,,12/08/2026 19:27
f1fa8130-abbd-4ca4-92f6-eca9a501a180,yobo.run,available,3.48,35.98,medium,low,4,namecheap,,,11/08/2026 08:48
818d47a0-9e0b-4d23-941e-044d274c5ae5,afterwards.run,available,3.48,35.98,medium,low,10,namecheap,,,
376f7f42-6671-42d7-8d3f-0f81592cce35,blacklist.run,resell,,,high,low,9,"Spaceship, Inc.",17/07/2026 13:10,17/07/2027 13:10,26/09/2026 04:28
0b28f98e-c823-4320-9727-f99075396768,ambuscade.run,available,3.48,35.98,medium,low,9,namecheap,,,24/08/2026 12:31
ed1265f5-bc3a-4e99-b078-055cf758fb0d,eonian.run,available,3.48,35.98,medium,low,6,namecheap,,,
4d9f5771-fa8f-4574-b8cb-a4f4913b9248,distilled.run,available,6.99,26.99,medium,low,9,namesilo,,,01/10/2026 12:59
55028ae0-13b3-42fa-bf33-2ae04bfd8a37,cloudiness.run,available,3.48,35.98,medium,low,10,namecheap,,,04/09/2026 20:28
5b4f45c2-46bd-4c76-8019-08a7bbceae44,intentionally.run,available,2.79,21.94,medium,low,13,spaceship,,,28/09/2026 21:25
037ea6ff-8748-40b6-86a6-97f84fb73403,mormons.run,available,2.79,21.94,high,low,7,spaceship,,,02/10/2026 04:22
7d5eddfd-d690-4c55-861b-9ccdae142680,livelihood.run,available,6.5,,high,low,10,unstoppable,,,29/09/2026 00:16
24c901d1-1363-44ce-9f7a-f265ec5544c6,siding.run,available,2.79,21.94,high,low,6,spaceship,,,29/09/2026 20:06
735c93b4-b9bf-41df-a109-a40e994a23e5,magyar.run,available,3.48,35.98,high,low,6,namecheap,,,21/08/2026 15:41
8499de2f-7404-4417-8059-eff743c8b9e3,ampere.run,available,3.48,35.98,high,low,6,namecheap,,,18/09/2026 23:06
dc11a271-ce0b-4419-8934-018aba816f25,acromion.run,available,6.99,26.99,medium,low,8,namesilo,,,17/09/2026 03:49
ba60d008-726b-4e98-a578-a325dd9bf56e,playhouse.run,available,6.99,26.99,high,low,9,namesilo,,,29/09/2026 02:35
f32f431f-f258-42b2-ae9e-e859131af748,tripartite.run,available,3.48,35.98,medium,low,10,namecheap,,,11/09/2026 14:23
55d4b3e4-9563-4728-a79a-3d6ea61830c7,patients.run,available,3.48,35.98,high,low,8,namecheap,,,25/09/2026 21:13
7bd50913-9ca2-4ce8-8861-258bdf7d1068,rama.run,resell,,,high,low,4,,,,27/09/2026 15:30
9ff7c582-12d1-4c5f-a30e-9b3599599a27,expertly.run,available,3.48,35.98,medium,low,8,namecheap,,,14/09/2026 17:05
a80654d2-bd1c-4c4b-8870-86bf3b6b36ad,dialysis.run,available,6.99,26.99,high,low,8,namesilo,,,02/10/2026 04:35
7561732e-b4c8-4ea1-a100-0ee861c96149,edited.run,available,3.48,35.98,high,low,6,namecheap,,,15/08/2026 11:05
8fdbf905-4d48-45ea-92f8-112118dbe772,compensation.run,available,6.99,26.99,high,low,12,namesilo,,,29/09/2026 04:39
8b7d1aac-b65b-4ae4-a16d-530a9679ea12,jpl.run,premium,200.5,,medium,low,3,unstoppable,,,01/10/2026 07:58
fb46ab23-587f-4ae0-85c8-fa71f076a65a,ictic.run,available,3.48,35.98,low,low,5,namecheap,,,21/08/2026 17:53
88ae0ffb-84ae-42c3-9987-02108c0623bb,gabriele.run,available,2.79,21.94,medium,low,8,spaceship,,,30/09/2026 21:12
c140c5e6-18fc-47d0-b48d-927f940a0d9c,corky.run,available,3.48,35.98,high,low,5,namecheap,,,13/08/2026 01:23
64d9086a-fa09-4de8-a4ae-cc46e0384c46,parental.run,available,3.48,35.98,high,low,8,namecheap,,,08/09/2026 01:14
162f8e66-0ebf-4930-8180-6120a465b989,shoved.run,available,6.99,26.99,low,low,6,namesilo,,,01/10/2026 00:52
f5bddc6d-6338-4e17-9b90-7ec044b15ca0,pillars.run,available,6.5,,medium,low,7,unstoppable,,,30/09/2026 15:08
40ce4488-f551-4d40-8baf-356eb480474b,lxvi.run,available,3.48,35.98,medium,low,4,namecheap,,,
04f46afb-196b-46f0-baa7-7f8ad8da6d90,shrine.run,available,21.2,21.2,high,low,6,cloudflare,,,28/09/2026 10:54
3c6e4c8f-7420-4de3-a849-4e1505f90906,fiberoptic.run,available,3.48,35.98,medium,low,10,namecheap,,,18/08/2026 03:12
70ada39a-32f6-4cfa-9bac-2ec1038a2908,colosseum.run,available,6.99,26.99,high,low,9,namesilo,,,18/09/2026 23:29
a9c2b2ac-72e1-4d97-b667-5bf1739c2c7c,unassigned.run,available,3.48,35.98,medium,low,10,namecheap,,,12/09/2026 01:12
be44cf68-dbcc-4a47-ab2b-f04f5c2514e1,cer.run,premium,10.55,20.9,high,low,3,spaceship,,,30/09/2026 16:38
0b808f5a-a4d7-4cf0-881f-77976f0d777b,investigating.run,available,3.48,35.98,high,low,13,namecheap,,,27/09/2026 09:46
8cda75d4-1c25-49bc-87a4-84d20c320f41,disturb.run,available,6.5,,high,low,7,unstoppable,,,30/09/2026 14:01
89058dd1-c39d-4546-81cb-8392c7435f70,petals.run,available,6.99,26.99,medium,low,6,namesilo,,,29/09/2026 17:41
9f677851-d9fe-4db5-9789-ee2e5207f0a1,adapa.run,available,6.99,26.99,medium,low,5,namesilo,,,17/09/2026 06:23
2c27de8d-2ac5-408e-8893-92d581182246,implying.run,available,21.2,21.2,high,low,8,cloudflare,,,01/10/2026 23:05
0a0b8b68-71ae-4f0d-a3fe-4c0ae0a802b1,rotating.run,available,2.79,21.94,high,low,8,spaceship,,,29/09/2026 16:17
30ac189b-c32f-4669-97d0-7b17057f89c3,dont.run,resell,,,low,low,4,"Global Domains International, Inc. DBA DomainCostClub.com",27/04/2025 15:15,27/04/2027 15:15,26/09/2026 05:39
adbef568-06d1-4468-b5b3-b5b2eb3dc2f7,unwavering.run,available,3.48,35.98,high,low,10,namecheap,,,18/08/2026 05:12
a2fce400-f1be-424f-abc6-75c0c3912881,ledge.run,available,2.79,21.94,high,low,5,spaceship,,,29/09/2026 01:33
dc62413f-a589-4262-818b-4dfd8a9dc157,attic.run,available,3.48,35.98,high,low,5,namecheap,,,07/08/2026 15:46
8cc1da1d-6563-42dc-a39a-bfe411de19f5,antiviral.run,available,3.48,35.98,high,low,9,namecheap,,,05/08/2026 20:06
a5e81677-3b14-49ac-b9e1-b0b24967822b,nonslip.run,available,3.48,35.98,medium,low,7,namecheap,,,03/09/2026 20:38
b6fbc3ee-af00-41f8-b4aa-21e32361d941,abbreviation.run,available,21.2,21.2,medium,low,12,cloudflare,,,01/10/2026 12:48
6b1b2d7c-c725-4191-a852-6a4c7bbe551a,defile.run,available,3.48,35.98,medium,low,6,namecheap,,,24/08/2026 12:53
41783fed-98ed-486f-85c5-28745b8cd12f,avifauna.run,available,6.99,26.99,medium,low,8,namesilo,,,21/09/2026 09:31
3fc1eeeb-5353-4d41-97ac-0a73edba056f,tms.run,premium,103.7,207.2,high,low,3,spaceship,,,01/10/2026 09:13
459cb9c2-9794-4acb-b312-d2786a013863,told.run,available,6.99,,medium,low,4,name.com,,,
452cd52e-1cec-4c86-8821-d0b2ee248071,waged.run,available,4,22.69,low,low,5,dynadot,,,01/10/2026 18:17
2fed5f95-9cab-4042-99f8-b2566d7ce455,blarney.run,available,3.48,35.98,high,medium,7,namecheap,,,12/08/2026 14:21
6713800b-b9c5-4b6e-b74d-ec76d4bf5fd1,solicit.run,available,2.79,21.94,high,low,7,spaceship,,,27/09/2026 16:11
8ab3ecf2-1929-42dc-9e17-e9875dcb46e6,crosstown.run,available,3.48,35.98,medium,low,9,namecheap,,,13/08/2026 08:13
1328f3d5-c774-49df-b6b8-eb9e30bc3f0c,arches.run,available,6.99,26.99,medium,low,6,namesilo,,,30/09/2026 05:05
94ae5320-1399-4ae5-a568-b4e07a874d03,karma.run,resell,,,high,medium,5,,,,29/09/2026 07:24
5a745a7d-e34c-401c-be76-3fc6b770e9db,chaotic.run,available,3.48,35.98,high,low,7,namecheap,,,12/08/2026 02:11
49fc2e52-769b-4f95-8b4d-abdeac004e7b,lovers.run,available,6.99,26.99,high,low,6,namesilo,,,27/09/2026 02:55
3aca528a-bb9c-4792-92fa-fbe94bbdabaa,kidneys.run,available,6.99,26.99,low,low,7,namesilo,,,29/09/2026 05:38
7ff152be-b490-4321-9a0d-67460294708f,perdurable.run,available,3.48,35.98,high,low,10,namecheap,,,08/09/2026 16:24
8ef198dd-07f2-4ac6-9532-a68ad8374468,passport.run,resell,,,high,low,8,,,,27/09/2026 04:57
0d3e028d-5038-4794-96a8-b93a9f0fb4b2,crest.run,resell,,,high,low,5,,,,28/09/2026 18:32
732c0a65-6201-4772-a939-162185c1db40,dedicate.run,available,2.79,21.94,high,low,8,spaceship,,,30/09/2026 18:29
005da1dd-b1f5-4037-b9db-aabf0fe6e48f,sexiness.run,available,3.48,35.98,high,low,8,namecheap,,,18/09/2026 16:14
15bbb0b2-ea5d-424e-8eda-5144fc7fdbcb,footling.run,available,3.48,35.98,medium,low,8,namecheap,,,18/08/2026 03:30
3f8f32f4-6653-479a-919f-83aee2e1abb2,improved.run,available,3.48,35.98,high,low,8,namecheap,,,21/08/2026 23:15
6846351e-83ce-42b0-80a1-825c73995260,circle.run,resell,,,high,medium,6,"Global Domains International, Inc. DBA DomainCostClub.com",10/06/2026 15:15,10/06/2027 15:15,27/09/2026 16:29
64b66368-4fa5-4d4c-a97c-f53259120899,voidable.run,available,3.48,35.98,medium,low,8,namecheap,,,09/09/2026 14:47
ee072163-6c96-41d1-81ef-556d21885447,schooling.run,available,6.99,26.99,high,low,9,namesilo,,,01/10/2026 11:01
bf4b4e92-4a2b-42d0-8074-d379893636e8,architecture.run,resell,,,high,low,12,,,,28/09/2026 17:04
33aedcc4-96d2-4c59-abc1-ef1317349b4d,lucifugous.run,available,3.48,35.98,low,low,10,namecheap,,,24/08/2026 10:55
45967d5a-3ee3-4133-849f-a91390402ecd,bonham.run,available,2.79,21.94,medium,low,6,spaceship,,,30/09/2026 12:37
f9d2c868-4beb-4e80-8e16-2e960f3fe15d,exquisite.run,available,3.48,35.98,high,low,9,namecheap,,,17/08/2026 18:54
276cb888-be5f-4a32-ae3a-8ca009c5fd82,donnelly.run,available,21.2,21.2,medium,low,8,cloudflare,,,27/09/2026 20:53
a4560744-bf02-4b06-9df3-65953c31691f,billiards.run,available,6.99,26.99,high,low,9,namesilo,,,23/09/2026 16:23
a2e87ae7-2c6b-4209-8ee4-6a571f7d0c1a,tea.run,resell,,,high,medium,3,"Wild West Domains, LLC",19/08/2015 16:00,19/08/2027 16:00,02/10/2026 05:03
1ca057ad-bdda-4692-a727-88300b30a477,dillon.run,available,6.99,26.99,high,low,6,namesilo,,,25/09/2026 15:31
2181f85e-2db2-4415-a9e3-8338925f0de6,youngsters.run,available,2.79,21.94,medium,low,10,spaceship,,,30/09/2026 07:43
327aac92-bf4d-4358-857c-9fe7d89eedf8,agni.run,available,6.99,26.99,medium,low,4,namesilo,,,17/09/2026 18:43
e6f2ab6e-80d5-4603-a92d-c50c2d0f5f74,interlaced.run,available,3.48,35.98,medium,low,10,namecheap,,,22/08/2026 08:04
be343527-b455-4539-a335-d4f7def59713,cara.run,resell,,,high,low,4,,,,28/09/2026 22:02
f6632102-f81e-4886-97a0-04a6498bdeaf,exonerated.run,available,3.48,35.98,high,low,10,namecheap,,,
d7a30b92-7d4a-4759-b145-448601b2ba25,absentee.run,available,6.99,41.99,medium,low,8,name.com,,,16/09/2026 17:43
58640743-be36-4f78-b91f-b8a4edee6934,marry.run,available,3.48,35.98,high,low,5,namecheap,,,13/09/2026 09:36
e35809cd-4a3c-4f1c-a56c-f2699b118f60,ceaseless.run,available,3.48,35.98,high,low,9,namecheap,,,11/08/2026 23:01
ca33c0d5-6a6a-45bd-8f3d-9263c00772dc,junoesque.run,available,3.48,35.98,medium,low,9,namecheap,,,22/08/2026 14:31
47b275cd-2e9d-4145-9069-2a4e2c4dad9b,spectacles.run,available,6.99,26.99,high,low,10,namesilo,,,02/10/2026 04:47
58e838f4-d43b-4821-b670-c69986deeffe,hilda.run,available,2.79,21.94,medium,low,5,spaceship,,,27/09/2026 19:38